"","id","age","gender","edu_self","edu_moth","edu_fath","hobbies","nidpar","vddpar","N","E","O","A","C","schizo","NB_co","INSIGHT","STROOP","SHIFTCOS","fluency","CAQ_tot","CAQ_tal","FKAL_ach","FKAL_spe","CAQ_arts","GF","NB_mi","NB_RT_mi","NB_RT_co","StroopE1","StroopE2","StroopE3","ShiftC1","ShiftC2","ShiftC3","Flu1","Flu2","Flu3","Flu4","ins1","ins2","ins3","ins4","ins5","ins6","ins7","ins8","ins1_art","ins2_art","ins3_art","ins4_art","ins5_art","ins6_art","ins7_art","ins8_art","fluency2","fluency3","fluency4","flu_qu","GF_qu","O2"
"1",138,24,2,4,3,3,3,4.527,6.556,21,24,35,28,19,13,12,7,"0.055535801104824   ","0.609293784333333 ",12.5,5,1,40,63,0,3.909,1,1.022,0.818,"0.135555229236924    ","0.0625115389971718  ","-0.0314593649196235 ",0.648307761,0.718479034,0.461094558,8,8,15,19,1,1,1,1,1,0,1,1,1,1,1,1,1,1,1,1,12.9256065909234,14.6262926402708,13.6756796170904,156.25,15.280281,41.0846239628444
"2",171,25,2,4,3,5,3,2.607,6.556,10,30,39,21,33,11,11,4,"0.294155436125402   ","0.526162381666667 ",12.5,21,4,97,187,0,3.328,1,1.062,0.673,"0.133789159240602    ","0.385981271638221   ","0.362695877497383   ",-0.007610022,1.031402268,0.554694899,8,9,15,18,1,1,0,0,0,0,1,1,2,2,2,2,2,2,2,2,14.3256090824947,16.4878116830063,16.3511287429141,156.25,11.075584,45.8593782771757
"3",111,23,2,4,4,4,3,1.934,6.556,37,17,34,13,23,9,14,5,"0.0694148729399456  ","0.461090662333333 ",14,5,3,26,31,0,3.124,5,1.135,0.814,"0.000318226185566761 ","0.0599683398703458  ","0.147958052763924   ",0.617718073,0.343644018,0.421909896,11,7,18,20,1,1,1,1,0,0,0,1,3,2,2,2,1,1,2,2,15.5246753171419,16.443120278055,16.3577134427739,196,9.759376,39.5690806266752
"4",16,19,2,4,5,5,1,1.324,6.556,21,27,45,26,20,9,11,6,"0.177666840667712   ","0.862098381       ",8.75,12,3,62,35,7,2.939,0,9999,0.697,"-0.0304739692260438  ","0.315640753206303   ","0.247833738022878   ",0.914603697,0.835762229,0.835929217,7,3,12,13,1,1,1,0,9999,1,1,1,2,2,2,2,9999,2,3,1,10.7120867176738,11.676028440715,13.0839880932191,76.5625,8.637721,53.2963744127107
"5",6,18,1,4,5,5,2,4.954,3.94,11,31,35,35,35,7,13,6,"0.303061524626135   ","1.388096056       ",14.75,2,4,31,44,0,2.888,1,0.949,0.798,"0.214769032142643    ","0.278783181460716   ","0.415632360275046   ",1.937546289,1.140563381,1.086178498,13,10,18,18,1,1,1,1,0,0,1,1,2,2,2,2,2,2,1,1,17.1291980890005,18.3404450070532,16.5593585785822,217.5625,8.340544,39.9406616024936
"6",90,22,1,4,5,5,3,0.066,6.556,19,29,36,36,25,10,12,6,"0.0665495773430052  ","1.29173909666667  ",8.25,7,2,26,14,3,2.557,1,1.019,0.924,"-0.00522166233763932 ","-0.111523180353972  ","0.316393574720627   ",2.156195054,1.117347522,0.601674714,8,5,12,8,1,0,0,1,1,1,1,1,2,2,2,2,3,1,1,2,9.57924646769236,10.364059259244,9.81184188398678,68.0625,6.538249,43.5503322607746
"7",91,22,1,4,4,3,3,-0.429,6.556,24,35,30,37,39,10,8,4,"0.029769828219793   ","0.405731212       ",11.5,0,0,33,33,0,2.407,6,0.863,0.763,"0.00478160586683496  ","0.101665549618984   ","-0.0171376708264401 ",0.476130544,0.553581985,0.187481107,7,6,20,13,1,0,0,1,0,1,0,1,2,2,2,2,2,1,2,1,13.2565080527437,14.9970806281153,14.6120283539568,132.25,5.793649,35.000255509229
"8",220,29,1,4,4,5,2,-0.566,6.556,27,28,30,36,27,10,10,4,"0.0570791168600271  ","0.471376395       ",11.25,5,3,44,78,2,2.366,3,0.985,0.741,"0.00779867258860545  ","0.027251712175843   ","0.136186965815633   ",0.672090736,0.390482863,0.351555586,11,6,15,13,0,0,1,0,0,1,1,1,2,2,2,2,9999,2,2,1,12.9277968942228,14.5081571873002,13.8688114624522,126.5625,5.597956,33.6907098929615
"9",19,19,1,4,5,5,3,3.14,3.67,19,39,31,38,29,9,11,5,"0.309658862377932   ","0.890734497333333 ",15.75,4,2,29,22,0,2.22,9,1.076,0.689,"0.591372282897972    ","0.32166749354655    ","0.0159368106892748  ",1.070536399,0.898483054,0.703184039,9,11,24,19,1,0,1,0,0,1,1,1,3,2,2,2,2,2,1,2,17.4587736549461,19.3849109815714,18.3650290845911,248.0625,4.9284,38.8147897947955
"10",57,21,2,4,2,3,3,3.913,2.947,19,20,38,37,37,5,13,7,"0.579047549055179   ","0.4792676         ",7.75,4,2,16,18,1,2.136,5,0.828,0.814,"0.681789149905335    ","0.166649985983266   ","0.888703511276937   ",1.02352849,0.226613084,0.187661226,6,5,9,11,1,1,1,1,0,1,1,1,2,2,1,2,1,1,1,1,9.63193943191062,11.5512507310653,11.2568853863664,60.0625,4.562496,40.8358496800092
"11",58,21,2,4,3,3,3,4.643,2.398,30,22,34,25,33,12,5,7,"9999                ","9999              ",9.75,5,3,38,24,0,2.115,1,1.022,0.614,"9999                 ","9999                ","9999                ",9999,9999,9999,10,7,13,9,1,1,1,1,0,1,1,1,2,2,1,2,1,1,2,1,11.3651481983447,12.9339922935638,11.7764442749938,95.0625,4.473225,36.9908344479373
"12",139,24,2,5,4,4,2,2.494,3.689,19,28,38,34,24,11,2,5,"0.0656280737419122  ","0.807362758       ",6.75,2,3,28,32,0,2.032,18,1.246,1.274,"0.0164887311279381   ","0.258820025434247   ","-0.0784245353364482 ",1.297052659,0.609445472,0.515590143,4,3,9,11,1,1,0,0,9999,1,1,1,2,2,2,2,9999,1,1,2,8.07171207319173,10.0443611360668,10.086767354878,45.5625,4.129024,41.4219979652436
"13",205,28,2,5,2,2,2,3.731,2.795,22,25,19,40,32,10,11,6,"0.113568664488068   ","0.671893144666667 ",13.75,9,3,38,94,0,2.013,5,0.843,0.67,"-0.0636227533403986  ","0.181315824786914   ","0.223012922017689   ",0.711005607,0.476499181,0.828174646,15,8,17,15,1,1,0,1,0,1,1,1,2,1,2,2,2,2,2,2,16.0359323887933,16.8235479869201,18.0106605124697,189.0625,4.052169,20.6646565382509
"14",195,27,2,4,5,5,2,3.507,2.939,4,38,41,31,21,4,13,6,"0.183043968201116   ","0.437556522333333 ",11.75,8,3,53,72,1,2.009,0,9999,0.838,"0.352809200943835    ","0.0804061589254002  ","0.115916544734113   ",0.625129289,0.3202428,0.367297478,13,15,9,10,1,1,1,0,0,1,1,1,2,2,1,2,1,1,1,2,14.2374462293038,13.8959634603214,13.3754039343233,138.0625,4.036081,47.8650028257661
"15",112,23,2,4,4,4,3,1.524,4.219,18,33,35,24,41,11,10,7,"0.145507588615665   ","0.549519          ",13,2,3,28,17,0,1.971,11,0.915,0.818,"0.241924954284421    ","0.0310292402896151  ","0.163568571272959   ",0.617252856,0.773462274,0.25784187,17,13,13,9,1,0,1,1,1,1,1,1,2,2,2,2,1,2,3,2,14.9066671477304,16.4710536767542,15.9792880989199,169,3.884841,41.141837771711
"16",183,26,2,5,4,3,3,2.624,3.393,29,32,38,26,37,16,12,7,"0.160508954186675   ","0.650980282333333 ",12.75,7,5,63,26,0,1.941,6,0.965,0.838,"0.176088837531782    ","0.329996240813897   ","-0.0245582157856561 ",0.757527091,0.8281362,0.367277556,9,7,13,22,1,1,1,1,0,1,1,1,3,3,3,2,0,3,1,2,14.0700088692548,16.0066828798912,15.0763997624095,162.5625,3.767481,45.2861347817603
"17",62,21,1,4,2,4,3,2.212,3.606,21,33,36,34,24,8,14,3,"0.407650455619417   ","0.377354767333333 ",10.5,5,2,31,32,0,1.91,0,9999,0.798,"0.723185203730547    ","0.437013161125526   ","0.0627530020021771  ",0.515498854,0.156158951,0.460406497,3,6,10,23,0,1,0,1,0,0,0,1,2,1,1,2,0,0,2,1,12.0469556487239,13.3162443674426,14.0338179617512,110.25,3.6481,41.0363822264762
"18",39,20,2,4,1,2,1,4.274,2.151,21,25,29,29,23,8,11,5,"0.106795737882358   ","0.737541577333333 ",13.75,4,2,30,24,0,1.895,2,0.902,0.974,"0.119143985826981    ","0.0824563108485258  ","0.118786916971567   ",0.716916668,0.701043638,0.794664426,13,11,14,17,1,1,1,0,0,0,1,1,3,2,2,2,1,1,2,2,15.8400041869449,16.8653863250416,15.4028329964568,189.0625,3.591025,33.9964900517841
"19",20,19,1,4,5,5,3,2.313,3.303,16,25,38,39,37,8,8,5,"0.188734890679047   ","1.28734531033333  ",10,22,4,57,55,18,1.807,12,1.004,0.941,"0.100633367895312    ","0.231591087192615   ","0.233980216949213   ",1.941262243,0.756546839,1.164226849,6,5,14,15,1,1,0,0,0,1,1,1,2,2,2,2,2,1,1,2,12.3930851879627,11.6085834516469,13.346479708637,100,3.265249,45.3690589073812
"20",186,26,2,3,2,2,3,5.07,1.222,15,23,21,25,13,10,12,7,"0.338251799092953   ","0.656345087       ",6,2,2,26,17,0,1.728,4,0.762,0.706,"0.140891173336512    ","0.448526875965679   ","0.425337347976669   ",0.968522644,0.352012474,0.648500143,9,8,3,4,1,1,0,1,1,1,1,1,2,2,2,2,2,2,3,2,8.60486612805517,10.1821449409255,7.16344734627336,36,2.985984,24.3649865554269
"21",46,20,1,4,3,4,1,2.98,2.651,11,39,45,32,28,3,1,5,"0.214689532021568   ","1.033907359       ",17.5,19,5,67,72,0,1.723,5,0.817,1.032,"0.207352933381335    ","0.404491177557205   ","0.0322244851261657  ",0.906319915,1.8437137,0.351688462,10,15,19,26,0,1,1,1,0,1,0,1,2,2,2,2,1,1,2,1,18.9426063085825,21.237776718394,19.4285659629454,306.25,2.968729,48.660393263844
"22",56,20,1,4,2,2,3,-2.876,-1.048,11,40,31,35,38,8,0,0,"0.567269306542307   ","0.653622331666667 ",11.5,6,4,38,37,0,-1.679,4,0.604,9999,"0.779016995983665    ","0.442334957762249   ","0.480455965881006   ",0.679468963,0.843903649,0.437494383,7,5,17,17,0,0,0,0,0,9999,9999,0,2,2,1,2,1,9999,9999,2,13.0895882436313,13.8979658883683,14.6617961603772,132.25,2.819041,36.7144585037014
"23",66,21,1,4,5,5,9999,3.021,2.469,7,38,43,33,22,11,12,7,"0.319316838535469   ","0.976572364       ",13,4,4,58,49,0,1.655,6,1.434,1.028,"0.223233661374624    ","0.352850173907608   ","0.381866680324176   ",1.640806792,0.796789294,0.492121006,6,11,22,13,1,1,1,1,0,1,1,1,2,2,2,2,2,2,2,2,14.798762076901,16.43747424581,15.940819589878,169,2.739025,46.6820352763181
"24",214,29,2,4,3,4,2,4.495,1.408,3,39,38,40,40,6,12,4,"0.38061968822965    ","0.794267958       ",11.25,7,6,98,64,1,1.635,2,1.481,0.959,"0.339633207122879    ","0.173069262353352   ","0.62915659521272    ",1.406170591,0.554557011,0.422076272,11,10,16,8,1,0,0,1,0,1,0,1,2,2,2,2,2,1,2,1,12.9595041106312,14.2838415615168,15.6088255769554,126.5625,2.673225,44.2880477923453
"25",135,23,1,2,3,3,1,-2.807,-0.926,18,40,40,38,36,10,7,4,"0.126307509549514   ","0.343914166       ",15,22,5,59,121,3,-1.605,46,0.896,0.848,"0.149314375401271    ","-0.0250834921825709 ","0.25469164542984    ",0.672144853,0.265890498,0.093707147,15,10,13,22,1,0,0,0,0,1,1,1,2,2,2,2,2,2,2,1,16.7502428887167,18.6066682529691,19.0705536488661,225,2.576025,44.413487034526
"26",47,20,1,4,3,3,1,3.601,1.943,32,27,32,36,25,9,13,4,"0.138434427405225   ","0.914470728       ",9.75,4,3,41,43,1,1.599,2,0.831,1.032,"0.20726343458145     ","0.16928245867795    ","0.0387573889562753  ",1.352519596,0.828330747,0.562561841,8,6,18,7,1,0,1,0,0,1,1,0,2,2,2,2,2,2,1,0,11.5949255392967,12.6745554398365,12.9691430199528,95.0625,2.556801,37.4572141860361
"27",191,26,1,4,2,2,1,2.286,2.659,32,33,31,37,28,9,4,1,"0.194360854775445   ","0.421953394333333 ",8,1,1,18,16,0,1.516,34,1.12,0.956,"0.38160785620409     ","0.0485352937723398  ","0.152939414349904   ",0.937498573,0.453257157,-0.124895547,6,4,9,13,0,0,1,0,0,0,0,0,2,2,2,2,1,1,3,2,10.4783138764173,12.3978967990774,12.1673653153831,64,2.298256,34.3628577491578
"28",158,24,1,4,3,4,1,3.716,1.659,17,38,23,28,26,9,13,4,"0.112383738546506   ","1.21114382766667  ",11.75,3,0,48,46,0,1.509,2,1.042,0.705,"0.113594972714301    ","0.0991080576038473  ","0.124448185321368   ",1.832370832,1.122659158,0.678401493,9,8,15,15,1,0,1,0,0,1,0,1,2,2,1,2,0,2,1,2,14.4878050614199,14.5630819510878,13.6139666875213,138.0625,2.277081,29.1454204294487
"29",222,29,1,5,5,4,3,4.863,0.804,25,28,35,39,38,8,4,4,"0.218350112601504   ","0.906233751333333 ",9.25,5,4,26,36,0,1.481,6,0.755,1.112,"0.124881171913041    ","0.201694007372438   ","0.328475158519033   ",1.031110749,1.015651463,0.671939042,7,5,10,15,1,1,0,0,9999,1,0,1,3,2,2,2,9999,1,2,1,11.3589204308449,12.2496365654098,13.0793407787233,85.5625,2.193361,43.9469605225448
"30",162,24,1,4,4,4,3,4.352,1.152,15,33,23,43,43,5,13,3,"0.189223945295996   ","0.411592857333333 ",10.25,3,2,22,20,0,1.479,8,1.036,0.865,"0.1838747522742      ","0.336636448163146   ","0.047160635450642   ",0.546849475,0.398530429,0.289398668,11,10,9,11,1,0,0,0,0,1,0,1,2,0,2,2,0,2,2,1,12.8480605404819,11.7498857164664,11.8644714840864,105.0625,2.187441,26.2648741573927
"31",115,23,2,4,5,5,1,4.424,1.088,37,29,38,20,7,8,14,6,"0.0959115209453419  ","0.611733103       ",9.25,6,2,19,13,1,1.472,2,0.8,0.705,"0.124427201546687    ","0.080785552464847   ","0.0825218088244919  ",1.077839282,0.375086117,0.38227391,5,7,12,13,1,1,1,0,0,1,1,1,2,2,1,2,2,2,2,2,11.0945964956193,11.783660063932,12.082681665216,85.5625,2.166784,43.4009827074167
"32",161,24,1,4,4,3,3,3.913,1.332,10,40,40,34,42,7,10,5,"0.0599652379097948  ","1.429686621       ",9.25,39,9,114,88,10,1.425,3,1.114,0.753,"0.0504612461989938   ","-0.013507833426419  ","0.14294230095681    ",1.312409375,1.570306974,1.406343514,7,6,15,9,1,1,0,0,0,1,1,1,2,2,2,2,2,3,2,2,11.1519215406722,13.6990140613551,12.1873966769154,85.5625,2.030625,46.8358954884234
"33",17,19,2,2,3,3,3,1.581,2.87,2,38,37,29,36,12,10,6,"0.0655922853722586  ","0.439980860333333 ",3.25,51,8,79,145,10,1.395,5,1.141,1.178,"0.0121875286788962   ","0.0556858951550648  ","0.128903432282815   ",0.859414883,0.374795388,0.08573231,3,4,3,3,1,1,1,1,0,1,0,1,2,2,2,2,2,2,2,2,5.67915027218796,6.80501480190646,6.86603344573724,10.5625,1.946025,39.7660452010319
"34",142,24,2,4,3,4,4,3.022,1.799,31,19,36,27,31,10,9,6,"0.131862549583309   ","2.223886013       ",9.25,5,4,22,45,0,1.361,3,1.066,1.075,"0.0983163803579739   ","0.157954558878638   ","0.139316709513315   ",1.719041598,3.546778375,1.405838066,8,5,15,9,1,1,1,1,0,1,0,1,2,2,2,2,2,1,2,2,10.639986181226,10.6976612612062,12.4579416141958,85.5625,1.852321,42.4295162581019
"35",95,22,1,5,4,3,3,3.153,1.679,26,36,31,33,32,12,12,6,"0.122906687908584   ","0.974035419       ",11.75,8,5,64,61,1,1.348,0,9999,0.72,"0.234263817710694    ","-0.0871862596902131 ","0.221642505705271   ",0.906323469,1.007851947,1.007930841,7,7,16,17,1,1,1,0,0,1,1,1,2,2,2,2,9999,2,1,2,13.2296031310686,14.6501464961949,16.2201988571762,138.0625,1.817104,35.5894488378766
"36",10,18,1,4,2,4,2,3.344,1.464,17,31,37,33,34,5,13,5,"0.0495393256856825  ","0.499979537666667 ",13.25,4,1,23,31,0,1.311,6,0.91,0.587,"0.106349252744983    ","0.0556350331750288  ","-0.0133663088629642 ",0.85155849,0.312438695,0.335941428,8,6,19,20,1,1,0,0,0,1,1,1,2,1,2,2,1,2,1,1,15.2289837729886,15.336754087547,16.6098815788523,175.5625,1.718721,44.8639552864064
"37",88,22,2,4,3,3,3,3.003,1.658,32,27,40,28,35,5,7,4,"0.125657974         ","3.67423525366667  ",11.25,7,2,35,40,0,1.293,8,1.261,0.854,"0.027168496          ","0.279729143         ","0.070076283         ",2.32783472,3.984120466,4.710750575,6,11,17,11,1,1,0,0,0,0,1,1,1,1,1,2,2,2,1,1,13.9662540389695,15.0934382824007,14.5538368277706,126.5625,1.671849,45.3802099443155
"38",124,23,1,5,5,5,2,3.417,1.366,33,36,40,40,35,15,12,4,"0.21639168845187    ","0.718803273666667 ",14,49,7,96,134,1,1.29,9,1.18,1.033,"0.192711486946373    ","0.319565896061946   ","0.136897682347292   ",0.89081092,0.578145774,0.687453127,6,6,21,23,1,1,0,1,0,0,0,1,2,1,2,2,0,0,0,0,16.5137129450175,17.6013825424697,16.203560116008,196,1.6641,45.3060670197596
"39",40,20,2,2,5,4,3,3.249,1.437,21,20,33,18,21,13,9,5,"0.275878711251319   ","1.24745108733333  ",8.25,5,2,14,12,0,1.27,3,1.271,0.794,"0.244214344356449    ","0.506585811289191   ","0.0768359781083179  ",1.070217987,1.265758935,1.40637634,7,5,11,10,1,1,0,1,0,1,1,0,2,2,2,2,2,2,2,2,11.2805301694448,11.4205608621499,10.7121863633088,68.0625,1.6129,36.7948229305659
"40",147,24,2,4,3,4,2,3.985,0.92,3,32,35,22,39,4,14,6,"0.154436914121174   ","1.13490822066667  ",10.5,6,3,30,27,1,1.266,4,1.134,0.827,"0.123079784011082    ","0.24256990012068    ","0.0976610582317605  ",1.916345952,0.693326074,0.795052636,9,4,14,15,1,1,0,1,9999,1,1,1,1,2,2,2,9999,2,1,1,12.8257378581502,12.0222660307353,13.8220117240016,110.25,1.602756,37.7413692498426
"41",177,25,1,5,5,5,3,3.575,1.144,15,35,22,36,37,4,4,7,"0.233891304371891   ","0.718875309       ",14.75,5,2,8,11,0,1.24,2,1.103,0.924,"0.282864823153265    ","0.314879425793873   ","0.103929664168536   ",1.000104977,0.71900673,0.43751422,13,12,19,15,1,1,1,1,0,1,1,1,2,2,2,2,2,2,2,2,16.5665391954054,17.9542209401937,18.2969954750718,217.5625,1.5376,24.8973210682039
"42",65,21,1,4,3,5,1,1.637,2.479,21,31,32,28,24,13,11,2,"0.272023397496075   ","1.05607049        ",7.5,9,3,70,64,2,1.24,3,0.761,0.771,"0.208268910179069    ","0.0616036423482449  ","0.546197639960911   ",1.203528395,1.140427572,0.824255503,4,5,11,10,1,0,1,0,0,0,0,0,1,2,2,2,9999,9999,9999,9999,9.83903129278159,10.5820490402789,10.0161733649663,56.25,1.5376,35.5122642796078
"43",109,22,1,5,3,3,2,-1.448,-0.962,13,38,30,37,39,8,1,2,"-0.0387553907115826 ","0.0640019566666667",13.25,0,4,18,2,0,-1.209,18,0.872,0.726,"0.00118927840907734  ","-0.0704990043069191 ","-0.046956446236906  ",-0.053666689,-0.374434011,0.62010657,10,7,13,23,0,0,0,0,0,1,0,1,2,2,2,2,1,2,2,1,14.7237777953089,15.3162189107241,15.501022877025,175.5625,1.461681,35.4342405030088
"44",208,28,2,3,3,2,2,-1.116,-1.19,12,25,21,32,38,4,8,4,"0.105835363039021   ","1.104147545       ",7,0,1,4,3,0,-1.209,15,0.834,0.757,"0.385518033395926    ","0.0843224800526039  ","-0.152334424331467  ",0.843751579,1.484278912,0.984412144,6,3,12,7,1,0,0,0,1,1,1,0,2,1,1,2,2,2,1,1,9.73663362258661,9.40266916787001,10.4077223008215,49,1.461681,27.6737395688845
"45",63,21,1,4,5,5,2,1.432,2.525,18,27,18,35,44,6,7,7,"0.14407976373966    ","0.411777818666667 ",8.75,5,5,21,35,2,1.198,3,1.194,0.934,"0.153515514753181    ","0.00666100285707127 ","0.272062773608729   ",0.570240981,0.410663988,0.254428487,5,3,12,15,1,1,1,1,0,1,1,1,3,1,2,2,0,2,1,2,10.090884822333,12.7480126674949,11.5195388482198,76.5625,1.435204,21.6803506845686
"46",118,23,1,4,3,3,9999,2.098,2.058,30,35,35,33,28,13,13,0,"0.106700175377115   ","0.305171875666667 ",10,2,2,52,56,0,1.194,8,0.957,0.704,"0.111622044853595    ","0.0063184406334037  ","0.202160040644345   ",0.360059007,0.375183822,0.180272798,9,6,13,12,0,0,0,0,0,0,0,0,2,2,2,2,2,2,2,2,11.7753545627319,13.6286894450144,13.2996819299815,100,1.425636,37.9987899555394
"47",38,20,2,4,3,3,2,1.523,2.381,34,27,30,25,37,11,5,6,"0.335281015869      ","0.815153059       ",9.75,10,4,97,108,0,1.162,8,1.017,0.815,"0.303596507715282    ","0.492822477800473   ","0.209424062091246   ",0.703149142,1.125069109,0.617240926,6,7,14,12,1,1,1,0,0,1,1,1,3,3,3,2,2,2,2,2,11.007889938782,12.1248495777665,11.9957581222749,95.0625,1.350244,32.2570537350853
"48",11,18,1,4,3,3,2,2.901,1.397,12,33,22,38,40,2,8,2,"0.148310983252783   ","1.07586576066667  ",10.75,1,2,23,15,0,1.147,4,1.104,0.877,"0.239101037855285    ","0.0589291065176438  ","0.14690280538542    ",1.469399178,0.773542328,0.984655776,7,6,15,15,1,0,0,1,0,0,0,9999,3,2,2,2,2,2,2,9999,13.8250213089224,13.9047894278764,14.1475349196858,115.5625,1.315609,26.0330179114302
"49",7,18,1,4,4,3,3,0.97,2.716,33,29,26,36,25,13,10,3,"0.113902722923543   ","1.04945188033333  ",10.75,4,3,33,22,0,1.142,7,1.336,1.06,"0.0419204935548187   ","0.249081953020432   ","0.0507057221953788  ",1.27336289,1.203152884,0.671839867,7,6,14,16,1,0,1,1,0,0,0,0,2,2,1,2,2,2,2,2,12.0969073704941,13.0536526107944,13.7852960266728,115.5625,1.304164,30.3034937485544
"50",110,22,1,4,2,3,1,-0.058,-1.753,23,28,19,27,22,9,2,2,"0.00308505849051814 ","0.929553144       ",11,1,3,37,6,0,-1.136,28,1.153,1.107,"0.249734833360548    ","-0.23202706015271   ","-0.00845259773628304",0.929225432,0.937533488,0.921900512,7,7,14,16,1,0,0,1,0,0,0,0,1,2,2,2,2,2,2,2,12.6479218710294,13.5739061241184,14.4682813457478,121,1.290496,25.3152459422278
"51",141,24,2,5,5,5,1,1.833,2.05,18,26,31,19,25,8,12,7,"0.030121817151035   ","0.815176846333333 ",11.75,9,4,58,35,0,1.111,6,1.014,0.786,"0.0254222383561096   ","0.0485581482171082  ","0.0163850648798872  ",1.046785464,0.734336102,0.664408973,9,9,11,18,1,1,1,1,0,1,1,1,3,2,1,2,2,1,1,2,15.0394622615045,14.4458241057257,15.7708645474421,138.0625,1.234321,35.2066510103171
"52",129,23,1,4,3,3,2,3.631,0.804,20,37,33,42,34,8,10,5,"0.393755529414187   ","0.669183004       ",7.25,2,0,26,19,0,1.108,10,0.798,0.648,"0.295094058057409    ","0.538133707164356   ","0.348038823020794   ",0.390461646,1.117324572,0.499762794,5,6,12,6,1,0,0,1,0,1,1,1,2,2,2,2,2,2,1,2,9.43605123242533,12.0308872341825,9.12994533741531,52.5625,1.227664,36.017828066355
"53",86,21,1,3,3,3,3,-1.091,-0.961,30,38,29,32,33,13,10,2,"0.529600916289174   ","0.572966964333333 ",10.5,1,1,22,13,0,-1.1,51,0.807,0.675,"0.365743981441371    ","0.62065272360692    ","0.602406043819233   ",0.593704073,0.65629396,0.46890286,7,6,16,13,1,0,1,0,9999,9999,0,0,2,2,1,1,9999,9999,2,2,13.0026689708065,13.3904882470067,13.4842628206127,110.25,1.21,34.0045747852229
"54",45,20,1,4,3,3,3,0.508,2.927,33,30,33,26,39,12,9,7,"0.423553881757677   ","0.994842648333333 ",8.25,2,2,20,25,0,1.095,9,0.975,0.851,"0.410761671513177    ","0.520304931949051   ","0.339595041810802   ",1.359334555,0.992119931,0.633073459,5,5,14,9,1,1,1,1,0,1,1,1,3,3,1,2,1,1,1,1,10.5077171047355,10.2190899280661,11.5543560961821,68.0625,1.199025,36.3731571218813
"55",64,21,1,4,3,5,1,1.12,2.505,20,35,32,34,23,11,13,3,"0.256880759253425   ","0.53085533        ",11.5,17,5,65,45,12,1.094,4,0.953,0.58,"0.389216971109552    ","0.217410177161055   ","0.164015129489667   ",0.608820795,0.526064269,0.457680926,10,8,18,10,0,0,1,0,0,0,1,1,2,2,2,2,1,2,3,1,14.4672471567893,14.0903659327109,13.8486111594176,132.25,1.196836,36.3032300768101
"56",48,20,1,4,3,3,1,2.465,1.572,15,37,46,35,36,5,11,7,"0.039241477069019   ","1.35948663        ",15,18,6,61,33,10,1.092,10,0.832,0.818,"0.135210343473428    ","-0.0777461292907015 ","0.060260217024331   ",1.273385916,0.922219163,1.882854811,12,9,17,22,1,1,1,1,9999,1,1,1,2,2,2,2,9999,2,2,2,17.0457157355643,17.8046347757034,16.9367651293263,225,1.192464,50.8150012181171
"57",44,20,2,3,3,3,2,-0.373,-1.419,13,34,29,36,34,6,7,3,"0.0648483130391048  ","0.847348228       ",11,3,2,23,18,0,-1.084,40,0.843,0.834,"0.163094480690139    ","-0.0220939889928687 ","0.0535444474200443  ",0.950967629,1.130744269,0.460332786,5,7,18,14,1,0,0,0,0,1,0,1,2,2,2,2,2,2,2,2,13.9227967930976,13.791318309518,14.5337738416351,121,1.175056,34.7164286026139
"58",194,26,1,4,2,2,1,3.125,1.067,14,27,38,35,33,11,12,2,"-0.0930844505515785 ","1.507255115       ",19.5,15,7,111,64,0,1.07,7,0.773,0.931,"0.000705219537867841 ","-0.302495565556067  ","0.0225369943634635  ",1.705995699,1.042641279,1.773128367,19,13,29,17,0,0,0,1,0,0,0,1,2,2,2,2,0,2,2,0,21.9064587888612,22.987870516122,20.9037970806143,380.25,1.1449,43.8624964897694
"59",98,22,1,4,3,4,3,2.606,1.374,28,27,28,40,44,6,8,2,"0.0896852842937102  ","1.422056642       ",14.5,4,2,29,27,0,1.048,9,1.02,0.967,"0.00575027225165781  ","-0.0855614896017305 ","0.348867070231203   ",1.648543987,1.265842445,1.351783494,8,10,20,20,1,0,0,0,0,1,0,0,2,1,2,2,1,2,2,2,16.2231490949773,16.854034287381,18.2879034475705,210.25,1.098304,30.7439173311924
"60",131,23,1,4,2,2,3,3.862,0.51,25,36,33,30,28,7,9,5,"0.149009891741712   ","1.080729545       ",12,0,2,16,10,0,1.048,1,1.565,0.762,"0.231470524368035    ","0.0719696609296945  ","0.143589489927406   ",1.531251219,1.085967255,0.624970161,5,6,17,20,1,1,0,0,0,1,1,1,2,1,1,2,9999,2,1,1,14.3414805896817,14.2222726260147,14.8142285154731,144,1.098304,37.0850396556581
"61",119,23,1,4,5,5,3,2.14,1.683,19,32,25,42,15,10,12,7,"0.0721956223379242  ","0.911557927       ",11,3,4,47,39,0,1.042,5,1.064,0.743,"-0.087604539672637   ","0.116995158622708   ","0.187196248063701   ",1.203445001,0.742119809,0.789108971,9,6,15,14,1,1,1,1,0,1,1,1,2,2,1,2,0,1,1,2,12.8910907261203,13.298108473945,14.6572558926736,121,1.085764,28.346532274305
"62",21,19,1,4,3,5,2,1.335,2.2,27,25,17,25,33,12,0,3,"0.0262723843829062  ","0.872402445333333 ",10.25,15,2,39,19,1,1.026,0,9999,9999,"0.0509709180256217   ","-0.202555273951024  ","0.230401509074121   ",0.445197288,0.875044859,1.296965189,10,5,11,15,0,9999,1,1,9999,1,0,0,2,9999,2,2,9999,1,2,2,11.9039503567934,12.245846628754,11.8321787956927,105.0625,1.052676,19.6226355875442
"63",125,23,1,4,3,3,3,2.62,1.303,37,27,36,30,10,15,9,5,"0.14975112253997    ","0.586059146       ",12,3,0,35,7,0,1.021,3,1.111,0.944,"0.0994489950365971   ","0.194720641594584   ","0.155083730988729   ",0.86765764,0.507721549,0.382798249,6,7,18,17,1,1,0,1,0,1,0,1,2,2,0,2,2,2,0,1,13.8890987059929,14.6212380836974,14.4997654393559,144,1.042441,40.7224472533228
"64",9,18,1,3,5,2,3,1.74,1.904,28,23,46,28,31,10,13,4,"0.18644322735105    ","0.789134705333333 ",13.25,5,3,10,25,3,1.018,52,0.977,1.025,"0.0892087230301686   ","0.4375588327951     ","0.0325621262278815  ",1.585944218,0.351711445,0.429748453,10,11,18,14,1,1,1,0,0,0,0,1,2,1,1,2,2,2,2,1,14.3538795827694,16.1706164703757,17.1391376206252,175.5625,1.036324,53.2933151365249
"65",153,24,1,4,5,5,3,0.331,2.819,22,37,35,33,32,4,12,5,"0.416388831582661   ","0.901051221333333 ",12.5,7,3,26,39,1,0.994,4,1.125,0.997,"-0.000906278435818697","0.361305889588492   ","0.888766883595309   ",1.117079379,0.882731646,0.703342639,11,7,16,16,1,1,0,0,9999,1,1,1,3,1,2,2,9999,2,1,2,14.4350926305416,14.3727213240836,15.6012376709752,156.25,0.988036,37.871916798187
"66",76,21,1,4,2,2,1,2.751,1.143,27,38,30,36,33,13,2,5,"0.175879391169296   ","1.40620703466667  ",10,11,2,25,20,3,0.99,19,0.795,1.019,"0.153418609516871    ","-0.0773874503493912 ","0.451607014340408   ",1.293754594,1.36133061,1.5635359,9,7,12,12,1,1,1,0,0,1,0,1,2,2,2,2,1,1,1,2,11.9670288581726,14.1565619183674,13.0668109584903,100,0.9801,34.3619339995931
"67",126,23,1,5,5,5,1,2.812,1.06,15,37,36,42,28,2,11,4,"0.0954062635066297  ","1.25019207033333  ",9.75,6,4,26,71,1,0.972,5,0.811,0.553,"-0.0374708675361142  ","0.205766766707876   ","0.117922891348127   ",1.961529286,0.781280209,1.007766716,8,13,9,9,1,0,0,0,0,1,1,1,1,0,0,2,0,1,1,1,12.3211298692263,12.7579074167362,13.1092456564019,95.0625,0.944784,40.8831081474634
"68",103,22,1,4,3,3,1,3.622,0.488,28,28,29,34,36,8,11,4,"0.32214029395131    ","1.91881453766667  ",10.5,3,2,30,41,0,0.966,37,0.999,0.899,"0.316691938238474    ","0.447076727656797   ","0.202652215958659   ",3.333797785,1.713696892,0.708948936,9,5,12,16,1,0,1,0,0,0,1,1,2,2,2,2,2,1,1,2,13.4927908405633,14.138204054068,12.7139823827319,110.25,0.933156,36.9213285462743
"69",8,18,1,4,4,3,2,1.013,2.278,20,37,24,32,17,8,9,4,"0.0790892569763575  ","0.191549503666667 ",4.75,1,2,16,20,0,0.962,11,0.761,0.844,"0.0631972708874922   ","0.181127999412182   ","-0.00705749937060129",0.328425685,0.168133718,0.078089108,4,3,6,6,1,1,0,0,0,0,1,1,2,1,0,2,0,0,1,1,6.3487402156481,7.97227899294644,6.50222692411862,22.5625,0.925444,26.01170237579
"70",180,25,1,4,3,3,3,-1.984,-0.027,39,31,33,27,34,13,8,2,"0.195441063632774   ","0.755141226666667 ",11.25,2,2,9,9,0,-0.96,2,1.152,1.057,"0.476832708658927    ","0.259301742237684   ","-0.149811259998289  ",0.554627281,0.804644483,0.906151916,9,12,16,8,0,0,0,1,0,1,0,0,2,2,2,2,0,1,2,2,13.3516057735745,13.8828322947079,14.805113394274,126.5625,0.9216,42.1000774807493
"71",37,19,1,4,2,2,3,-1.032,-0.662,20,39,21,32,35,12,2,5,"0.249322566785502   ","0.411274618       ",6.75,10,2,50,28,0,-0.951,24,0.956,0.631,"-0.0166656388223345  ","0.206827827337314   ","0.557805511841527   ",0.445361425,0.445046223,0.343416206,8,5,5,9,1,1,1,1,0,0,0,1,2,2,2,2,2,2,2,1,8.96460914932298,8.90320084441036,10.0537908354107,45.5625,0.904401,25.4244905866502
"72",114,23,2,4,5,5,3,1.953,1.602,10,32,38,38,39,7,6,6,"0.254103940912366   ","1.04698695666667  ",10.75,17,8,51,46,3,0.95,38,0.818,0.697,"0.153989187261841    ","0.434152522391248   ","0.174170113084007   ",1.007848993,0.922191007,1.21092087,7,8,14,14,1,1,0,1,0,1,1,1,2,2,2,2,1,2,1,2,12.0711085020201,13.8193150245518,13.9398635342328,115.5625,0.9025,42.670133839776
"73",70,21,1,4,4,4,3,2.149,1.464,20,31,31,39,30,11,13,6,"0.46376670221137    ","0.360688567       ",10.25,3,3,47,12,0,0.949,13,1.074,0.597,"0.583372923148553    ","0.359865423979487   ","0.44806175950607    ",0.416100753,0.313736672,0.352228276,7,7,15,12,1,1,1,0,0,1,1,1,2,2,2,2,2,2,1,2,12.2189255028607,13.0563501897313,13.172892634445,105.0625,0.900601,35.6456563287328
"74",144,24,2,4,4,2,2,2.47,1.224,12,26,27,18,28,5,6,4,"0.256336253229072   ","0.651023071       ",10.5,9,5,32,26,0,0.94,2,0.795,0.817,"0.393752010215284    ","0.214382575703331   ","0.1608741737686     ",0.539138582,0.679560249,0.734370382,6,11,13,12,1,1,0,1,0,1,0,0,2,2,2,2,1,1,2,2,13.240013437987,13.8887245398614,12.2962397687193,110.25,0.8836,35.8864990616116
"75",55,20,1,4,3,4,3,-0.786,-0.755,19,31,28,37,38,2,2,1,"0.590797898359028   ","1.24213250566667  ",10.75,6,2,18,63,1,-0.917,25,0.998,0.926,"0.262734172595444    ","0.802015418226805   ","0.707644104254835   ",1.398262755,1.21879492,1.109339842,10,8,14,11,1,0,0,0,0,0,0,0,2,2,1,1,2,2,2,2,12.4971540727931,14.0566210451432,13.6593986059718,115.5625,0.840889,32.6870433450792
"76",113,23,2,4,4,4,2,1.536,1.802,21,27,27,23,19,3,8,5,"0.350045939309831   ","0.880572719333333 ",9,0,0,40,41,0,0.911,6,0.981,1.119,"0.453993272364124    ","0.302592733320155   ","0.293551812245215   ",0.851724094,0.649401518,1.140592546,9,7,14,6,1,0,1,0,0,1,1,1,2,2,2,2,2,2,2,2,11.6159719894815,10.7097626104611,11.5736840673089,81,0.829921,30.1681934226182
"77",128,23,1,4,5,5,3,2.831,0.904,19,37,38,43,25,6,12,4,"0.105430106759497   ","1.59377906466667  ",7.75,3,1,25,24,0,0.909,1,1.582,0.866,"0.0912212026979966   ","0.075159967076873   ","0.149909150503622   ",2.820169285,1.250004806,0.711163103,4,4,10,13,1,0,0,1,0,1,0,1,2,2,0,2,1,2,0,1,9.50122294431798,10.5867387627305,10.7372816441169,60.0625,0.826281,43.0558737715899
"78",175,25,2,3,2,2,3,-0.932,-0.578,27,34,20,30,35,13,7,0,"0.0579763869992982  ","1.38532261266667  ",5.5,5,2,29,6,0,-0.884,9,0.95,0.918,"0.0716832496145233   ","0.0397352134188185  ","0.0625106979645529  ",1.664024959,0.921712751,1.570230128,3,3,8,8,0,0,0,0,0,0,0,0,3,3,3,3,9999,9999,9999,3,7.30236763056657,8.96030111782386,5.98486583767436,30.25,0.781456,24.3143161780168
"79",3,18,2,4,5,5,3,1.065,2.062,17,30,35,24,23,10,9,3,"0.0702809696666667  ","0.677270435666667 ",9.5,6,2,44,13,0,0.883,8,0.92,0.708,"0.124450513          ","-0.054188412        ","0.140580808         ",1.632751834,0.586229644,-0.187170171,8,5,12,13,1,0,1,0,0,1,0,0,2,2,1,2,1,2,2,2,11.3224327698141,12.2798325552498,11.9600175686009,90.25,0.779689,38.6479530397666
"80",134,23,1,4,5,5,2,-0.903,-0.563,27,35,30,37,44,13,1,2,"0.0855660463622994  ","0.619716864333333 ",8.25,5,2,35,28,3,-0.868,6,1.178,0.856,"0.100440798867201    ","0.0304482917782518  ","0.125809048441446   ",1.046731538,0.390629207,0.421789848,6,4,10,13,0,0,0,1,0,1,0,0,2,0,2,2,0,2,2,1,9.68914902559527,11.4602216649326,9.92332719102602,68.0625,0.753424,35.1782828391801
"81",59,21,2,2,5,2,3,2.72,0.876,26,21,21,18,27,11,9,3,"0.101036209863614   ","1.081521381       ",7.25,3,1,13,4,0,0.863,8,0.953,0.704,"0.149850656728431    ","-0.00205156897707159","0.155309541839483   ",1.177290662,1.442577589,0.624695892,4,4,12,9,1,1,0,0,0,0,0,1,2,2,0,2,0,0,2,0,9.60999718069247,10.0186057609337,9.58424899624928,52.5625,0.744769,21.8075875134172
"82",67,21,1,4,4,5,2,0.613,2.328,15,33,39,36,30,6,13,2,"0.0077247402511124  ","0.614611379       ",7.5,3,4,65,47,2,0.863,2,1.168,1.1,"-0.0272012415699698  ","-0.0165799020902179 ","0.0669553644135249  ",0.812501875,0.406329488,0.625002774,12,8,3,7,0,9999,0,1,9999,0,0,1,2,9999,2,2,9999,2,2,2,9.59277194656567,9.27587604958591,9.85579134868165,56.25,0.744769,42.6284536840152
"83",83,21,1,4,3,4,1,-1.662,-0.027,17,33,30,34,31,11,11,3,"-0.0353333333333333 ","0.924             ",8,2,2,42,15,0,-0.862,4,0.589,0.571,"-0.014               ","-0.005              ","-0.087              ",1.117,0.886,0.769,4,6,10,12,1,0,0,0,0,1,0,1,2,2,2,2,9999,1,2,2,9.83579982515981,10.105822885921,10.6326100021708,64,0.743044,37.4025278754117
"84",89,22,2,4,3,3,2,-0.456,-0.843,10,31,21,17,33,13,12,3,"0.632966861853481   ","0.247117286333333 ",15.25,10,5,54,33,0,-0.856,7,1.005,0.839,"0.483333034881202    ","0.729636474266054   ","0.685931076413187   ",0.210955542,0.421591517,0.1088048,13,12,16,20,1,0,0,1,0,1,0,0,2,2,2,2,0,2,2,2,17.3186705696192,18.49303703874,18.1231823933834,232.5625,0.732736,25.7821877562596
"85",54,20,1,4,3,3,3,3.758,0.108,17,27,43,35,28,11,10,6,"0.117816544789137   ","0.963809589666667 ",11.5,18,3,89,72,1,0.84,1,0.967,1.012,"0.226682405542727    ","0.0100680773946982  ","0.116699151429987   ",1.320806739,0.664076803,0.906545227,12,10,13,11,1,1,0,1,9999,1,1,1,3,2,2,2,9999,1,1,2,13.1966575012512,13.9140246989605,13.7579464189397,132.25,0.7056,48.9303449919844
"86",193,26,1,4,4,3,2,1.967,1.33,34,27,20,27,33,14,13,5,"0.211353805493394   ","0.286809098666667 ",16,11,4,64,48,0,0.834,15,0.813,0.567,"0.328063092680069    ","0.170279744276181   ","0.135718579523933   ",0.492483055,0.109961687,0.257982554,14,11,19,20,1,1,0,0,0,1,1,1,2,1,1,2,2,2,2,2,17.0287116196208,17.8340535985632,19.744384487294,256,0.695556,25.5550978704877
"87",4,18,2,4,3,4,3,0.978,1.996,27,23,43,28,12,13,11,6,"0.221358848131017   ","0.463437694333333 ",10.75,3,4,25,52,0,0.828,4,0.83,0.767,"0.281426794921779    ","-0.127998279466519  ","0.510648028937792   ",0.640818951,0.382389719,0.367104413,10,5,12,16,1,1,1,1,0,1,0,1,2,1,2,2,2,2,2,3,13.7640839213211,14.3269894327431,13.6622352968654,115.5625,0.685584,46.7196903206919
"88",146,24,2,4,3,3,2,2.166,1.129,16,35,34,30,33,6,13,7,"0.0756597511772633  ","0.578142384666667 ",15.5,9,6,82,72,0,0.806,2,0.912,0.803,"0.0514291613784886   ","0.0278063471085526  ","0.147743745044749   ",0.95306576,0.336040684,0.44532071,13,14,9,26,1,1,1,1,0,1,1,1,2,1,2,2,2,2,2,1,16.9961564834053,18.8811771926637,18.8141524515692,240.25,0.649636,39.5278125555763
"89",68,21,1,4,3,3,2,0.922,1.982,14,32,33,34,32,6,6,2,"0.300179494227657   ","0.783920499333333 ",15.75,7,3,96,109,0,0.805,8,0.924,0.554,"0.367798061026136    ","0.201666825077477   ","0.331073596579359   ",0.562341995,1.07818863,0.711230873,17,12,20,14,1,0,0,0,0,1,0,0,2,3,2,2,2,2,2,9999,17.9499222974288,18.3615921499953,19.9841142858102,248.0625,0.648025,38.2016178191714
"90",60,21,2,4,4,4,1,-2.653,0.787,18,27,36,33,32,6,12,1,"0.0505584434038429  ","0.737017846333333 ",11,6,6,16,38,3,-0.805,47,1.017,0.987,"-0.0216876218119011  ","0.12922738405331    ","0.0441355679701201  ",0.906201203,0.757860836,0.5469915,8,6,16,14,0,0,0,0,0,0,0,1,2,2,2,2,1,1,2,1,13.6399752583872,14.58683133349,15.2129647754507,121,0.648025,36.0428327172334
"91",137,23,1,4,4,4,3,0.471,-1.339,15,29,40,33,35,2,0,4,"0.0882733872224172  ","0.401201887333333 ",11.5,5,5,84,14,1,-0.793,6,1.003,9999,"0.262372098638579    ","-0.0316519302585004 ","0.0340999932871731  ",0.475717021,0.48444802,0.243440621,9,7,14,16,1,1,0,0,0,1,0,1,2,2,2,2,0,1,2,2,13.4098883877434,14.3381579025717,12.1512806678187,132.25,0.628849,45.5454035994531
"92",94,22,1,5,3,4,1,1.142,1.802,12,40,28,36,40,9,11,3,"-0.0697377948244324 ","0.461669356       ",8.5,1,5,5,5,0,0.792,15,0.843,0.922,"-0.0162945343892799  ","-0.0961391649988482 ","-0.0967796850851692 ",0.512165158,0.551488893,0.321354017,9,8,8,9,1,0,0,0,0,1,0,1,3,1,1,1,1,2,1,2,10.6573649611944,11.1595628140912,12.3889231800209,72.25,0.627264,30.7380346934108
"93",34,19,1,4,3,3,1,3.44,0.199,21,30,35,32,29,7,12,4,"0.0502079673158237  ","0.156214338333333 ",7,17,5,80,166,3,0.783,9,0.8,0.661,"0.0414550225487905   ","0.0909138108498007  ","0.01825506854888    ",0.179649491,0.093716991,0.195276533,4,3,9,12,1,1,0,1,0,0,0,1,2,1,2,2,0,0,2,1,8.68772464223349,9.65219391444281,10.0754309317927,49,0.613089,44.3315993755299
"94",165,24,1,5,3,5,2,2.434,0.892,33,17,35,32,34,5,11,4,"0.242179209831207   ","1.08074738033333  ",4.5,4,3,22,14,2,0.783,3,0.701,0.858,"0.560129563003457    ","0.116756102384158   ","0.0496519641060075  ",1.203258481,1.078096831,0.960886829,5,5,5,3,1,1,0,1,0,0,0,1,2,2,2,2,1,2,2,1,5.87976506615659,6.47615042412352,7.46895186475053,20.25,0.613089,39.7050390677409
"95",71,21,1,4,5,5,2,1.62,1.45,43,30,26,36,32,8,11,0,"0.38021689808254    ","0.606620418       ",8,7,4,34,32,5,0.782,7,0.726,0.65,"0.457214639252984    ","0.381274958248939   ","0.302161096745695   ",0.539033041,0.67172793,0.609100283,6,4,9,13,0,0,0,0,0,0,0,0,2,2,1,2,0,1,2,1,9.84179361551157,9.99700526767318,11.3676312129271,64,0.611524,32.5296999700095
"96",184,26,2,4,4,3,2,0.134,2.472,26,30,26,27,29,5,6,3,"0.148411398609642   ","1.309741081       ",8.25,4,3,14,27,0,0.781,12,1.21,1.004,"0.142468824359389    ","0.387191615779325   ","-0.084426244309789  ",1.335961777,1.781211372,0.812050094,6,5,11,11,1,0,0,0,0,1,0,1,2,2,1,2,2,1,2,1,10.7020051047619,10.4067539925533,12.175053621384,68.0625,0.609961,32.6149312445527
"97",117,23,2,5,5,5,2,2.436,0.884,23,30,45,21,23,13,9,7,"0.134258780373406   ","0.385372633666667 ",14.75,1,1,37,34,0,0.78,10,0.761,0.715,"0.134165799680222    ","0.144872008462961   ","0.123738532977036   ",0.374834395,0.320258341,0.461025165,13,10,13,23,1,1,1,1,9999,1,1,1,2,1,3,2,9999,1,1,2,15.9060246509855,16.7722719564204,17.4188449698071,217.5625,0.6084,54.9825105257985
"98",92,22,1,4,3,3,3,0.036,2.533,5,36,28,28,22,13,7,3,"0.0771079836259226  ","0.901808478333333 ",10,8,2,44,52,3,0.779,33,0.913,0.882,"-0.0430220157403661  ","0.0619362423348475  ","0.212409724283287   ",0.548036195,0.79501401,1.36237523,8,8,17,7,1,0,0,0,0,1,1,0,2,2,2,2,9999,2,2,2,11.5500192694063,14.2190241463061,11.7748320436543,100,0.606841,33.0880916178833
"99",228,30,2,5,4,4,2,-0.777,-0.434,17,34,39,18,45,10,7,3,"0.4137798230562     ","0.752645751       ",10.5,23,3,50,106,0,-0.773,11,0.789,0.835,"0.470173441110164    ","0.369409704229084   ","0.401756323829352   ",0.968877198,0.757767376,0.531292679,11,9,10,12,0,0,1,0,0,1,0,1,2,2,3,2,0,1,2,1,12.5893409380648,13.8168357353459,12.2996146692021,110.25,0.597529,45.5881286078384
"100",96,22,1,4,4,3,2,1.396,1.584,26,37,30,35,39,11,1,2,"0.203335755608503   ","0.638187097333333 ",9,47,3,67,209,5,0.773,7,0.884,1.189,"0.0654857461372698   ","0.374945583658236   ","0.169575937030002   ",1.093743357,0.468899614,0.351918321,10,6,12,8,0,0,1,0,0,1,0,0,2,2,2,2,9999,2,2,2,11.1927221028111,12.6801754972547,12.4018958282692,81,0.597529,35.2290152416939
"101",87,21,1,4,2,2,3,0.48,-1.276,23,23,30,34,32,7,13,3,"0.190020439136345   ","0.619984274333333 ",11.25,4,3,44,20,2,-0.763,13,0.911,0.94,"0.306243227203483    ","0.161371032698979   ","0.102447057506573   ",0.783523149,0.467216723,0.609212951,8,6,14,17,1,0,0,0,0,0,1,1,2,1,1,2,1,2,2,2,13.4515564254999,12.9779109940007,14.6475405005215,126.5625,0.582169,33.075230423156
"102",160,24,1,4,4,4,3,1.555,1.426,26,35,30,27,35,13,12,6,"0.494145004345776   ","0.429804911333333 ",12.25,8,3,38,51,0,0.752,6,0.918,0.608,"0.440595807458108    ","0.215410009060797   ","0.826429196518424   ",0.617730236,0.328096058,0.34358844,9,7,14,19,1,1,1,0,0,1,1,1,2,2,2,2,2,2,2,1,13.7611866994554,15.7490811356359,15.6333078514016,150.0625,0.565504,33.3532559515876
"103",219,29,2,5,3,3,2,0.125,-0.995,22,29,28,28,27,0,5,3,"0.288144415840828   ","1.14831505366667  ",16.75,2,1,15,10,1,-0.747,15,0.833,1.003,"0.433387273456194    ","-0.0156571630087732 ","0.446703137075063   ",1.111057465,1.16871804,1.165169656,12,11,20,24,1,0,0,0,1,0,0,1,2,2,2,2,2,2,2,2,18.4150568047005,19.2874465707604,18.4109362847261,280.5625,0.558009,32.1871123513533
"104",84,21,1,4,3,3,1,-1.204,-0.042,21,33,42,37,30,13,4,3,"0.258951258594771   ","0.582046211666667 ",13.25,21,4,21,24,12,-0.73,19,0.801,0.914,"0.307936319223416    ","0.293772934089692   ","0.175144522471206   ",0.744563849,0.797488887,0.204085899,20,7,11,15,0,1,0,1,0,1,0,0,2,3,2,2,1,2,2,2,14.6083269319633,16.4053293274332,15.7367686600567,175.5625,0.5329,47.3570356399583
"105",81,21,1,2,2,5,1,-1.879,0.425,19,36,41,38,42,7,7,4,"0.0714707531722134  ","1.10425773233333  ",8.25,19,4,113,85,6,-0.729,3,0.747,1.052,"0.0787255006462377   ","-0.0871528407605917 ","0.222839599630994   ",1.851894257,0.945289169,0.515589771,9,5,10,9,0,0,1,0,0,1,1,1,2,2,2,2,9999,1,1,2,10.9948059503934,11.584624166168,8.71752960776786,68.0625,0.531441,47.141698943383
"106",2,17,1,2,2,2,3,-2.361,0.765,28,31,19,30,29,6,11,1,"0.261113765256127   ","-0.166687908      ",5,3,2,28,6,1,-0.726,46,0.725,0.684,"0.261101559602275    ","0.136484885845321   ","0.385754850320786   ",-0.328118082,-0.265548478,0.093602836,1,2,9,8,1,0,0,0,9999,9999,9999,0,2,2,1,2,9999,9999,9999,1,8.00717733284933,8.62487636054573,8.54273920154628,25,0.527076,22.9972988060291
"107",154,24,1,4,2,2,3,-0.391,2.702,19,29,26,33,33,6,10,0,"0.293543877297162   ","0.942753684       ",6.75,4,1,35,50,1,0.724,4,0.837,0.638,"0.413354311885232    ","0.292673001199103   ","0.17460431880715    ",0.578088271,1.078174724,1.171998057,5,3,8,11,0,0,0,0,0,0,0,0,2,2,2,2,0,0,0,2,8.75610767227366,10.2225734473369,9.47992138476519,45.5625,0.524176,30.1807502841821
"108",187,26,2,4,5,3,2,2.111,0.973,13,27,36,36,42,5,9,1,"-0.0195266435879276 ","0.960621889       ",11.75,168,5,38,98,0,0.721,13,0.843,0.847,"-0.0439486280646662  ","-0.0397233052488901 ","0.0250920025497736  ",0.726284654,1.194955741,0.960625272,8,9,16,14,0,0,1,0,0,0,0,0,2,2,2,2,1,2,2,2,13.6755149931783,14.0243955011126,13.8309653314042,138.0625,0.519841,38.0433069691745
"109",50,20,1,4,5,4,1,1.708,1.219,24,31,30,38,39,7,4,5,"0.0410827796619409  ","1.56245975533333  ",12,33,7,57,102,15,0.707,0,9999,0.698,"0.283515745912046    ","0.15471201033971    ","-0.314979417265933  ",1.492616745,2.148380625,1.046381896,7,4,16,21,1,1,0,1,0,1,0,1,2,2,2,0,2,2,2,2,14.1874172404866,15.4825649636033,14.112481225279,144,0.499849,32.4798155698094
"110",140,24,2,5,4,3,2,-0.246,2.56,17,20,39,28,38,10,12,7,"0.0784799669142519  ","0.377727339666667 ",12,16,7,62,129,5,0.705,1,0.733,0.645,"0.214404335627114    ","-0.211696745675808  ","0.23273231079145    ",0.414115692,0.164197741,0.554868586,7,9,15,17,1,1,1,1,0,1,1,1,3,2,2,2,2,2,1,2,14.5171218818689,14.9160559425009,14.1220316629083,144,0.497025,44.7578589014626
"111",78,21,1,4,2,3,3,1.89,1.087,24,29,26,35,40,11,3,3,"0.463091321052692   ","0.757699971333333 ",11,46,2,68,107,3,0.704,26,0.762,0.853,"0.572417549377888    ","0.540369530591179   ","0.276486883189009   ",1.365451531,0.378895229,0.528753154,6,9,19,10,1,1,0,0,0,1,9999,0,2,2,2,2,2,2,9999,2,11.5284030526143,15.1042547160501,13.6739354320597,121,0.495616,30.2679374254941
"112",159,24,1,4,3,3,3,1.195,1.564,15,35,34,29,44,8,12,6,"0.291187613042853   ","2.05191034833333  ",11,2,4,64,42,1,0.703,30,0.888,0.916,"0.510900886132947    ","0.0153644499631773  ","0.347297503032434   ",3.648340024,1.327681656,1.179709365,8,7,18,11,1,0,1,1,0,1,1,1,2,2,2,2,2,2,2,2,13.3586298726284,14.2903216412016,13.3883408150599,121,0.494209,37.4506727623144
"113",179,25,1,4,5,5,2,-1.259,0.103,6,32,32,29,25,11,7,3,"0.18183203857828    ","0.575127552666667 ",8.75,5,5,84,154,0,-0.683,18,1.013,1.081,"0.226135145369841    ","0.0860262440926909  ","0.233334726272309   ",-0.218188882,0.924661701,1.018909839,8,7,10,10,1,0,1,0,0,1,0,0,2,2,1,2,1,2,2,2,11.5160298929549,13.2864555945077,11.4227953699489,76.5625,0.466489,39.9553701665157
"114",157,24,1,4,5,5,2,0.668,1.865,34,30,23,36,15,12,8,3,"0.019669783421102   ","0.468719505333333 ",10.25,7,3,51,63,7,0.676,9,0.77,0.732,"0.143486223322248    ","0.0642284524529533  ","-0.148705325511895  ",0.289214984,0.5310953,0.585848232,9,7,12,13,1,0,0,0,0,1,0,1,2,2,2,2,1,1,2,1,12.7241136071734,14.0954016463587,14.1759020425504,105.0625,0.456976,26.94257700732
"115",172,25,2,4,5,5,3,1.461,1.299,6,39,46,28,44,12,11,5,"0.232215631303005   ","2.04690627566667  ",18,54,7,120,135,0,0.668,1,0.705,0.698,"0.0830216954819289   ","0.0497982431646005  ","0.563826955262486   ",2.335809355,2.046972687,1.757936785,12,11,24,25,0,1,0,1,1,1,0,1,2,2,1,2,2,1,2,1,19.9172828449999,21.991750251965,22.8543139030665,324,0.446224,50.6315022670114
"116",123,23,1,4,4,3,3,1.313,1.4,25,29,38,33,41,6,4,4,"-0.037830377795242  ","0.950749192666667 ",8.5,12,1,25,35,6,0.667,8,1.068,0.658,"-0.0766526599451973  ","0.0506547433441695  ","-0.0874932167846982 ",1.469404154,0.664185081,0.718658343,9,7,12,6,1,1,0,0,0,1,0,1,1,2,2,2,2,2,2,2,10.8189717956751,10.3295346956515,11.3456732187321,72.25,0.444889,37.3502761113461
"117",190,26,2,4,4,5,2,-0.332,-0.485,17,32,39,26,37,7,13,7,"0.178541889243133   ","0.971340636       ",13.5,8,4,99,40,0,-0.661,3,1.262,0.983,"0.365070570904603    ","0.0986832424886674  ","0.071871854336129   ",0.820407839,0.9218811,1.171732969,12,7,17,18,1,1,1,1,0,1,1,1,2,2,2,2,9999,2,1,2,15.2443191893059,16.3804118579276,16.1229351055735,182.25,0.436921,36.1515582425271
"118",209,28,1,4,3,3,2,0.955,1.622,32,30,39,26,34,12,10,5,"0.0378261012727286  ","0.490728485333333 ",11.25,13,2,71,64,0,0.656,21,0.832,0.969,"0.0803758178196511   ","0.0258972504185822  ","0.00720523557995267 ",0.763198446,0.280975647,0.428011363,9,7,13,16,1,1,1,0,0,1,0,1,2,3,2,2,2,2,2,2,13.8671360556799,15.1946285485426,13.7934567389796,126.5625,0.430336,37.7707509798801
"119",75,21,1,4,3,5,1,1.623,1.16,27,33,37,43,35,11,10,1,"0.0578436502568377  ","0.770838783       ",13,8,4,67,126,3,0.655,6,0.919,0.891,"0.0870990725185213   ","-0.00601849015541533","0.0924503684074072  ",1.874941769,0.023434485,0.414140095,12,13,11,16,0,0,1,0,0,0,0,0,2,2,2,2,0,2,2,2,14.3860601007723,16.7779904323531,15.6530351883108,169,0.429025,35.2954039801509
"120",121,23,1,4,3,5,3,-3.217,1.529,36,11,37,6,28,15,8,1,"-0.0872821694935389 ","0.940134344666667 ",9.75,8,2,82,70,6,-0.649,25,0.911,0.982,"0.0476531460446372   ","0.103262779525186   ","-0.41276243405044   ",1.289046767,0.718772845,0.812583422,8,4,12,15,0,0,0,0,0,1,0,0,2,2,2,1,2,1,2,1,11.3631551505322,14.1796983899461,13.5327418359518,95.0625,0.421201,37.2191483643593
"121",22,19,1,4,5,5,2,0.926,1.62,18,37,23,36,34,2,10,4,"0.105938436365119   ","0.242020509333333 ",8.25,17,4,48,100,0,0.646,4,1.567,0.885,"0.0569057833292278   ","0.0529785834981044  ","0.207930942268025   ",0.59315646,0.109291002,0.023614066,4,6,10,13,1,1,0,1,0,0,0,1,3,1,2,2,1,2,2,2,9.65847823184363,10.5650004047267,10.1942815677977,68.0625,0.417316,20.4870361539772
"122",223,29,1,4,2,2,3,-0.559,-0.293,25,37,31,40,28,7,9,2,"0.190517956586432   ","0.455683872       ",10.25,3,4,61,13,0,-0.645,8,0.929,0.742,"0.0472748447297762   ","0.0899609424704007  ","0.434318082559119   ",0.523429675,0.148330055,0.695291886,9,12,8,12,1,0,1,0,9999,0,9999,0,2,2,9999,2,9999,9999,9999,1,12.7754129694987,13.9047340711661,14.2768824576125,105.0625,0.416025,28.9596094520659
"123",197,27,2,4,5,5,2,2.549,0.479,6,36,40,39,35,8,9,7,"0.524401205747754   ","1.639501446       ",12.75,3,4,35,34,0,0.636,5,0.795,0.637,"0.948978435710987    ","-0.0283072084448506 ","0.652532389977126   ",2.064018034,1.503501255,1.350985049,11,7,19,14,1,1,1,1,0,1,1,1,2,2,2,1,9999,2,2,2,14.3580249765452,14.1406366891556,15.1443038400872,162.5625,0.404496,40.4324987671687
"124",26,19,1,4,4,5,2,1.444,1.236,26,35,24,29,24,11,14,4,"0.277330225025816   ","0.479244268333333 ",11.75,5,4,48,95,0,0.635,13,0.962,0.745,"0.284223733413027    ","0.192491432842392   ","0.355275508822028   ",0.992307279,0.390710283,0.054715243,8,5,16,18,1,1,0,0,0,0,1,1,2,2,1,2,0,0,1,1,13.0088625436296,14.5512894307225,16.6891653075526,138.0625,0.403225,21.2278560616456
"125",215,29,2,5,2,3,2,2.632,0.414,19,30,30,28,30,11,8,3,"0.0993596308590054  ","1.91151768166667  ",8.25,32,5,49,77,0,0.633,10,1.089,1.113,"0.249875184460282    ","0.0605559901632431  ","-0.0123522820465087 ",2.086056853,1.007742315,2.640753877,8,6,9,10,1,0,0,0,0,1,0,1,2,2,0,1,1,2,2,1,9.87270942893207,11.4133108043074,10.8253506824203,68.0625,0.400689,27.3312304492993
"126",42,20,2,4,5,5,3,-0.29,-0.449,10,38,32,30,23,6,7,3,"0.33247079790701    ","0.757773373       ",11,4,1,25,11,0,-0.632,19,1.11,0.926,"0.139097145901559    ","0.361668762269676   ","0.496646485549795   ",0.554556697,1.093672422,0.625091,8,8,17,11,1,0,0,0,0,1,0,1,2,9999,2,2,9999,1,2,2,12.7556330484087,12.9315999024099,13.8177464929424,121,0.399424,28.43775124473
"127",41,20,2,4,4,5,2,1.048,1.419,27,28,31,33,23,6,11,6,"0.0314549075603534  ","0.424487906333333 ",10,9,7,42,94,0,0.595,3,1.029,0.722,"-0.00643926643442494 ","0.0117192873953946  ","0.0890847017200905  ",0.406191429,0.382741554,0.484530736,10,6,14,10,1,1,0,1,0,1,1,1,2,2,2,2,1,1,1,1,12.3628008102747,11.6362185136716,14.5627159220063,100,0.354025,28.1012045448701
"128",122,23,1,4,5,3,2,0.812,1.518,11,37,33,34,37,5,12,7,"0.196834155042628   ","1.408640233       ",12.75,5,4,50,48,0,0.567,9,1.023,0.878,"0.24539899862617     ","0.246497039179913   ","0.0986064273218035  ",2.163879116,1.421777802,0.640263781,8,9,16,18,1,1,1,0,1,1,1,1,2,2,2,2,1,2,1,1,15.3667640501715,15.2654558893932,16.0757031859782,162.5625,0.321489,33.394063558572
"129",108,22,1,4,3,3,1,0.33,-0.728,31,21,29,31,38,11,12,2,"0.151301855265096   ","0.80992048        ",8,15,2,68,102,7,-0.567,14,1.001,0.719,"0.220908205657839    ","0.172852170787178   ","0.0601451893502714  ",1.578133256,0.437486938,0.414141246,9,6,12,5,1,0,1,0,0,0,0,0,2,1,2,1,1,2,2,1,10.3391275071926,11.0514361582766,10.8236080136508,64,0.321489,28.758779145834
"130",30,19,1,4,3,3,3,2.111,0.588,14,33,22,30,36,5,9,4,"0.00469348163466554 ","0.856497529333333 ",9,3,2,38,42,0,0.552,13,0.939,0.929,"-0.0143385342974514  ","-0.00283850663886376","0.0312574858403117  ",1.531234277,0.601397147,0.436861164,6,3,14,13,1,0,0,1,9999,1,0,1,1,2,1,2,9999,2,1,2,10.3285003802528,10.6179155531978,10.0613645989855,81,0.304704,20.0764000815978
"131",198,27,2,4,2,2,2,-0.109,-0.386,20,34,26,25,30,5,8,1,"0.68590424095744    ","1.125047855       ",9.25,1,3,53,23,0,-0.55,23,0.828,0.81,"0.68590424095744     ","9999                ","9999                ",1.093832695,0.765725036,1.515585834,7,6,12,12,0,0,1,0,0,0,0,0,2,2,2,2,2,2,2,2,10.7064589606601,11.7943383441287,12.0561038389159,85.5625,0.3025,25.5048705512037
"132",151,24,2,5,5,5,1,-0.917,0.179,13,40,37,40,24,10,10,5,"0.216442588716101   ","0.820312935       ",15.75,18,4,72,81,2,-0.546,3,1.128,1.02,"0.487145790833514    ","0.213029455221155   ","-0.0508474799063654 ",1.156185119,0.640622743,0.664130943,7,10,23,23,1,1,0,0,1,1,0,1,2,2,2,2,1,2,2,2,17.0146602145504,18.4203799885989,17.4959232414301,248.0625,0.298116,34.4790258052971
"133",176,25,1,4,3,3,3,1.051,1.303,16,37,33,30,30,6,11,3,"0.120392734053875   ","0.794679366333333 ",9.25,5,3,28,24,1,0.545,0,9999,0.738,"-0.0259067483400102  ","0.146399212047873   ","0.240685738453763   ",0.911913356,0.399137836,1.072986907,9,4,13,11,1,0,0,0,0,1,0,1,1,1,2,2,1,2,1,1,10.9136465878992,10.9701717614556,11.8692644307871,85.5625,0.297025,34.2729811397332
"134",32,19,1,4,4,3,1,2.176,0.445,31,28,35,39,39,8,11,3,"-0.114821026063352  ","0.466142694666667 ",10.75,8,3,46,47,3,0.508,15,0.767,0.694,"-0.11274595280509    ","-0.117528692848197  ","-0.11418843253677   ",0.804601974,0.304804412,0.289021698,9,9,10,15,1,1,0,0,0,0,0,1,2,2,2,2,0,2,2,2,12.4292555514404,14.6374769205315,13.6694502647065,115.5625,0.258064,34.5973547395694
"135",80,21,1,4,3,3,3,2.125,0.479,11,34,31,33,42,11,13,2,"0.15815160246016    ","0.955689883       ",7,8,4,41,62,1,0.508,3,1.044,0.988,"0.188481996845914    ","0.0843438446430083  ","0.201628965891558   ",2.195957857,0.250072337,0.421039455,6,5,9,8,0,9999,0,1,0,9999,9999,1,2,9999,2,2,2,9999,9999,6,8.72341868281261,10.4596334481952,10.5026981936998,49,0.258064,27.6534093786719
"136",97,22,1,4,4,4,3,0.57,1.549,8,42,29,18,26,10,7,5,"0.599075335015849   ","1.16403803833333  ",12.75,2,3,41,17,0,0.507,2,0.831,0.658,"1.05911712209864     ","0.372880029009904   ","0.365228853939001   ",1.328202971,1.523461933,0.640449211,7,11,15,18,1,1,1,1,0,1,0,0,2,2,2,2,2,2,2,2,15.148777386319,15.8191014979416,14.4155402064132,162.5625,0.257049,28.1446874325599
"137",145,24,2,4,3,3,2,1.112,1.17,10,29,39,37,44,6,10,4,"0.080813784167976   ","0.804856073       ",11.75,11,4,67,65,0,0.505,11,0.909,0.809,"0.0189011587204564   ","0.141140222443794   ","0.0823999713396776  ",0.828679476,0.804718767,0.781169976,11,10,13,13,0,1,1,0,0,1,0,1,2,1,2,2,1,1,2,2,14.0473240851176,14.3437807137237,14.1316572195916,138.0625,0.255025,37.7513334244872
"138",178,25,1,5,5,5,3,-0.883,0.274,21,33,28,38,41,15,4,0,"-0.00973619803109579","1.393671533       ",7,1,1,10,4,0,-0.494,24,0.957,1.178,"-0.0366532904382149  ","0.00848884281635442 ","-0.00104414647142692",2.194784915,1.146426224,0.83980346,4,5,7,12,0,0,0,0,0,0,0,0,2,2,2,2,1,1,2,2,7.60758773209,10.9269397526081,9.26838772868961,49,0.244036,24.0322792276387
"139",85,21,1,4,5,5,1,4.082,-0.905,30,36,39,34,36,13,9,5,"0.132749768155466   ","0.692661086333333 ",7.25,5,5,37,28,3,0.492,2,0.883,0.906,"0.155193012213256    ","0.135099014408217   ","0.107957277844925   ",0.882794068,0.859356604,0.335832587,6,7,7,9,1,0,1,1,0,1,0,1,2,2,1,2,2,2,2,2,9.24280766698755,11.5667507575368,10.0964902087039,52.5625,0.242064,34.3418937836104
"140",192,26,1,4,3,3,2,0.566,1.512,5,37,34,37,39,4,13,0,"0.0116138830213355  ","0.859356295       ",9.5,10,7,44,4,6,0.49,13,0.83,0.845,"0.0163997533999978   ","0.315184687837053   ","-0.296742792173044  ",0.789022002,0.929773246,0.859273637,10,7,10,11,0,0,0,0,0,0,0,0,2,2,2,2,2,2,2,2,10.4097490253514,14.554314427984,12.9187032605586,90.25,0.2401,31.8658537276819
"141",188,26,2,4,2,5,2,1.483,0.878,20,26,42,27,30,12,10,7,"0.152209214449678   ","0.507848231       ",12.75,5,5,33,9,1,0.489,3,1.042,0.743,"0.249257585062124    ","0.174008797898139   ","0.0333612603887705  ",0.718873307,0.484294863,0.320376523,9,9,15,18,1,1,1,1,0,1,1,1,2,2,2,2,9999,2,2,2,14.8910615219474,15.9886079515661,16.2291468062147,162.5625,0.239121,42.0450345084337
"142",203,27,1,4,5,5,2,0.096,-0.386,26,27,27,26,24,10,9,3,"0.354700524811465   ","0.478962161       ",9.5,7,2,17,23,0,-0.487,3,1.037,0.859,"0.307206274684212    ","0.60194334990636    ","0.154951949843823   ",0.320210006,0.80424295,0.312433527,7,12,8,11,0,0,0,1,0,1,0,1,2,2,2,2,9999,2,9999,2,11.36961955858,11.1108775448115,12.3927510934892,90.25,0.237169,24.7369224890772
"143",211,28,1,4,3,5,3,1.952,0.549,27,27,37,31,33,13,11,1,"0.501847527694795   ","0.376590028       ",5.5,4,2,41,24,0,0.486,10,0.579,0.599,"0.615969287520962    ","0.528448391085476   ","0.361124904477947   ",0.405084215,0.319528169,0.4051577,6,4,4,8,1,0,0,0,0,0,0,0,1,2,2,2,1,2,2,1,7.64456886611965,8.43825849667548,6.5814925380702,30.25,0.236196,36.9290048527929
"144",116,23,2,4,3,2,1,1.197,1.046,14,24,28,39,22,6,13,3,"0.223624603846073   ","0.937481859666667 ",10.5,9,1,47,55,2,0.476,3,0.98,1.085,"0.203822408076674    ","0.268451717655933   ","0.198599685805611   ",0.077934002,1.355769545,1.378742032,7,8,15,12,0,0,1,0,0,1,0,1,2,2,2,2,9999,2,2,2,13.0361168639407,13.2463177767154,12.8797777279754,110.25,0.226576,29.2960732930699
"145",132,23,1,5,3,3,3,2.102,0.41,13,36,29,35,28,10,12,4,"0.0227797482673073  ","0.804739299666667 ",11.75,14,2,57,23,0,0.471,6,0.983,0.716,"-0.0513780214794739  ","0.194527467507187   ","-0.0748102012257909 ",1.242341088,0.562481301,0.60939551,9,6,17,15,1,0,0,1,1,1,0,0,2,2,2,2,1,1,2,2,14.136601562685,14.3534637452658,12.567471225615,138.0625,0.221841,28.4390078352601
"146",93,22,1,4,4,4,1,-0.596,2.242,18,27,29,33,20,11,12,6,"0.117874129229617   ","0.393290428666667 ",6.5,10,1,32,36,2,0.459,2,1.039,0.723,"0.244657078018228    ","-0.0401211043306104 ","0.149086414001235   ",0.414185144,0.414032429,0.351653713,3,4,6,13,1,1,1,0,0,1,1,1,3,2,2,2,0,1,1,1,8.6602404254801,8.19393271151821,8.41717320207048,42.25,0.210681,27.4646382159422
"147",143,24,2,4,5,4,3,0.241,1.66,24,19,36,32,26,11,14,4,"0.299239537213745   ","0.796892796       ",6.25,4,5,20,25,0,0.456,2,0.908,0.814,"0.36955374444164     ","0.227640051678672   ","0.300524815520923   ",0.578107099,1.007820206,0.804751083,6,4,5,10,1,1,0,1,9999,9999,0,1,2,2,2,2,9999,9999,2,1,8.54692759623751,9.94134121612775,9.94289352844022,39.0625,0.207936,33.8182414249742
"148",218,29,2,4,3,4,3,0.522,-0.586,11,33,29,36,28,7,5,3,"0.207846906129891   ","0.383326426666667 ",16.5,2,3,26,2,0,-0.446,43,0.847,0.96,"0.275394700775639    ","0.0712123391096049  ","0.276933678504428   ",0.007108039,0.642389163,0.500482078,13,10,22,21,0,1,0,0,0,0,1,1,2,2,1,2,1,0,2,1,18.8607152212837,20.1430227381372,18.2243387195643,272.25,0.198916,27.9794777142224
"149",5,18,2,4,3,4,3,1.269,0.925,0,15,28,9,35,7,9,8,"0.0411948703333333  ","0.820609928333333 ",9.75,11,5,36,27,0,0.445,6,0.827,0.796,"-0.03219428          ","0.119730615         ","0.036048276         ",1.039031694,1.016112956,0.406685135,8,7,16,8,1,1,1,1,1,1,1,1,2,2,2,2,2,2,1,2,10.6415627744288,13.4625443067215,11.4399026883823,95.0625,0.198025,25.3877722452446
"150",61,21,2,4,3,5,1,-0.606,0.222,20,27,42,35,35,7,8,3,"0.14021293297196    ","0.195271784333333 ",11.25,29,5,115,148,0,-0.433,1,1.253,0.861,"0.192582077494807    ","0.0565010006997901  ","0.171555720721284   ",0.257113682,0.203488886,0.125212785,9,6,11,19,0,1,0,0,0,1,1,0,2,2,2,2,2,2,2,2,12.753160078397,13.2822765032618,15.1340850218349,126.5625,0.187489,39.9463274702073
"151",155,24,1,4,3,3,2,-0.633,2.206,10,35,25,39,35,5,6,1,"0.314934213685825   ","0.104300015333333 ",7.5,5,2,28,21,0,0.432,13,0.754,0.823,"0.470005970450954    ","0.141732961731065   ","0.333063708875455   ",0.195459631,0.203139112,-0.085698697,7,4,9,10,1,0,0,0,0,0,0,0,2,2,2,1,2,2,2,2,8.64605710325626,10.0606008929016,11.8364293799709,56.25,0.186624,24.6684366363611
"152",202,27,1,4,2,3,3,-0.224,-0.002,21,28,45,30,32,13,11,3,"0.0811070058922289  ","0.242189222333333 ",16.75,3,3,36,22,0,-0.416,3,1.028,0.789,"0.0745549182294015   ","0.191183229765596   ","-0.0224171303183107 ",0.132850062,0.187497513,0.406220092,13,10,22,22,1,0,0,1,0,0,0,1,3,2,2,2,2,2,2,2,19.3959469976325,21.476175347513,20.1114014034674,280.5625,0.173056,43.1442959002798
"153",13,18,1,4,4,5,3,1.135,0.916,35,19,27,28,29,13,13,7,"0.309764170434321   ","0.423871050666667 ",6.75,8,3,23,26,3,0.4,0,9999,0.672,"0.556391770675956    ","0.139219526176258   ","0.23368121445075    ",0.439406698,0.545076028,0.287130426,6,4,8,9,1,1,1,1,9999,1,1,1,2,2,2,2,9999,1,2,1,9.18232679728269,10.1751111123519,10.3411414856427,45.5625,0.16,25.8800864119058
"154",182,25,1,5,5,5,3,0.28,-0.306,17,34,31,37,41,14,3,2,"0.0603475591178419  ","0.705780455333333 ",11.5,0,1,12,28,0,-0.397,23,0.883,0.959,"-0.131879578865558   ","0.0970907526746982  ","0.215831503544385   ",0.820362962,0.96870711,0.328271294,6,7,17,16,0,0,0,0,0,1,1,0,2,2,2,2,2,1,2,2,12.1903866859742,14.1118674082712,13.7334429648067,132.25,0.157609,28.533430067609
"155",156,24,1,4,5,5,3,-0.295,1.879,28,32,33,35,35,12,14,4,"0.123977752393726   ","0.926732335666667 ",9.25,14,4,32,60,0,0.39,2,0.971,0.882,"0.118381361327713    ","0.182401124823664   ","0.0711507710298021  ",1.038664794,1.116585606,0.624946607,6,7,15,9,1,0,1,0,0,1,0,1,1,2,1,2,0,1,0,1,11.5105565281141,12.061626528493,11.6785909536686,85.5625,0.1521,32.4291143976921
"156",221,29,1,4,2,2,3,1.044,0.952,31,23,25,32,36,8,12,6,"0.317066195941311   ","0.872467572666667 ",8.75,2,2,23,21,0,0.388,12,0.765,0.63,"0.465015431758972    ","0.159919984968858   ","0.326263171096104   ",1.468849982,0.593791285,0.554761451,5,4,12,14,1,1,1,0,1,1,0,1,2,2,2,2,2,2,2,2,10.1228679256375,11.943708398305,11.8007935932601,76.5625,0.150544,20.5451977372089
"157",164,24,1,4,3,3,3,0.899,1.048,23,36,28,27,34,14,11,6,"0.337382803203123   ","0.601511121666667 ",7.75,12,3,57,49,1,0.387,19,0.889,0.769,"0.250181477145384    ","0.504928883810881   ","0.257038048653105   ",0.838819452,0.652618324,0.313095589,5,5,9,12,1,1,1,1,0,1,0,1,2,3,2,2,2,2,1,2,10.845877443381,9.59741731189187,10.4227456418041,60.0625,0.149769,24.1625579110488
"158",230,45,1,5,5,4,3,0.903,1.044,12,33,42,39,43,6,8,3,"0.0265588892174941  ","0.588584638       ",14.5,9,1,27,60,0,0.386,10,1.086,0.863,"0.00988041161262732  ","0.0361931552964668  ","0.0336031007433882  ",0.867273864,0.164161559,0.734318491,10,11,20,17,1,0,0,0,0,1,0,1,2,2,1,2,1,1,2,2,16.440447243482,18.2679308016698,17.781249715742,210.25,0.148996,37.5854816044383
"159",35,19,1,4,5,5,2,-0.169,0.036,35,11,42,38,40,9,7,2,"0.32567118190329    ","1.091172069       ",15.25,15,7,54,90,5,-0.382,28,0.902,1.015,"0.529304881489121    ","0.36524538734788    ","0.08246327687287    ",1.367186261,1.265669473,0.640660473,16,8,22,15,1,0,0,0,0,1,0,0,2,2,1,2,2,2,2,2,17.3644974179569,18.1371560340765,19.3823813194014,232.5625,0.145924,38.378521382034
"160",200,27,1,4,3,2,3,1.481,0.637,23,28,31,35,24,12,11,3,"0.374843305849495   ","0.744844905333333 ",6.25,1,4,31,32,0,0.382,5,1.044,0.786,"0.313710163984101    ","0.509669844800471   ","0.301149908763915   ",0.898481346,0.656316739,0.679736631,3,11,8,3,1,0,0,0,0,1,0,1,2,2,2,2,2,1,2,2,8.54843627377029,7.72929148756709,10.4076279890962,39.0625,0.145924,31.8194976585101
"161",73,21,1,4,5,4,1,0.377,1.394,24,32,35,37,16,6,12,7,"0.225997944700828   ","0.794324751666667 ",12.25,19,3,41,49,2,0.381,4,0.952,0.708,"0.144976521858471    ","0.224780378083768   ","0.308236934160246   ",0.484362631,0.648596963,1.250014661,9,9,20,11,1,1,1,1,0,1,1,1,1,2,1,2,0,2,1,2,14.6018035880956,15.278203912411,16.0271769498073,150.0625,0.145161,33.1713287163106
"162",100,22,1,4,4,5,3,1.336,0.734,25,32,35,32,35,9,10,2,"0.189606461864326   ","0.937493886666667 ",10.5,3,3,46,37,0,0.381,9,0.927,0.676,"0.192656574031144    ","0.157691052343186   ","0.218471759218649   ",0.71094552,0.585946645,1.515589495,6,7,12,17,1,1,0,0,0,9999,0,9999,2,2,2,2,1,9999,2,9999,12.521492519669,13.4089707421566,12.5359387781595,110.25,0.145161,29.9996765785069
"163",31,19,1,4,5,5,3,-0.9,0.553,10,38,37,35,32,10,7,2,"0.207418600548668   ","1.46770390733333  ",6.5,10,5,49,56,2,-0.376,21,0.939,0.904,"0.217925941734201    ","0.26202494739822    ","0.142304912513585   ",1.724791515,1.420701999,1.257618208,4,3,11,8,1,0,0,0,0,1,0,0,1,1,2,2,1,1,2,2,8.87749808184283,10.2817828503258,8.54908448080987,42.25,0.141376,38.30115786556
"164",107,22,1,5,3,4,3,2.925,-0.43,17,34,32,21,25,9,9,3,"0.203750415271931   ","0.676601043666667 ",14.75,3,3,27,31,0,0.351,2,0.739,0.814,"0.134463270622842    ","0.136297018667101   ","0.34049095652585    ",0.228899767,1.00634924,0.794554124,10,10,23,16,1,0,0,0,0,1,0,1,2,9999,2,2,1,2,9999,1,16.3599743520863,18.3102153559677,17.0770828506932,217.5625,0.123201,31.6497862723239
"165",199,27,1,4,5,2,3,-0.045,1.617,23,26,37,21,34,9,4,6,"0.159462405759467   ","0.822930753       ",9.75,7,3,50,41,3,0.351,15,1.173,1.003,"0.0243687232809224   ","0.101385209628458   ","0.352633284369019   ",1.296907086,0.398273206,0.773611967,9,9,12,9,1,1,1,1,0,0,1,1,2,2,1,2,2,2,1,2,11.6668557937496,12.3060444500609,13.262482953146,95.0625,0.123201,34.1967231894956
"166",227,30,2,5,3,5,2,-0.386,0.267,25,26,27,33,29,15,3,0,"0.327346280405539   ","0.238369525       ",12.5,4,4,55,17,2,-0.346,1,0.857,0.759,"0.24571681809109     ","0.178769962976687   ","0.557552060148839   ",0.246951756,0.307881163,0.160275656,13,8,20,9,0,0,0,0,0,0,0,0,2,2,1,9999,2,2,2,9999,15.2543908203508,14.9655758948634,16.6334620102844,156.25,0.119716,25.7020531348134
"167",149,24,2,5,3,5,3,1.257,0.691,22,26,30,26,27,9,10,5,"0.369615996062507   ","1.23438448933333  ",6.75,14,1,32,26,0,0.338,11,1.014,0.731,"0.330450305644401    ","0.336941802707297   ","0.441455879835824   ",1.664026364,0.90631539,1.132811714,5,4,8,10,1,1,0,1,0,0,1,1,2,2,2,2,2,2,2,2,8.80624206438678,10.2459120879256,10.0333588538563,45.5625,0.114244,30.802542542294
"168",213,28,1,4,3,4,2,-0.081,0.078,16,35,32,33,29,11,8,3,"0.206234798987836   ","1.91916357333333  ",9.5,11,5,42,27,1,-0.337,10,1.02,1.053,"0.200640078455803    ","0.0976891559899824  ","0.320375162517723   ",2.320193095,2.281149564,1.156148061,8,5,10,15,1,0,0,0,0,1,0,1,3,2,2,2,2,2,2,2,11.7533010480684,13.2853422823259,13.0463357971515,90.25,0.113569,28.9198274993814
"169",169,24,1,4,2,5,3,0.241,-0.14,19,30,30,38,26,3,10,2,"0.272674447348507   ","1.01850761066667  ",12,6,3,24,23,1,-0.335,6,1.079,0.683,"0.276398157502163    ","0.313535438951722   ","0.228089745591636   ",1.289430903,1.359527176,0.406564753,9,5,16,18,1,0,0,0,0,1,0,0,1,2,2,2,1,1,2,2,14.3372291902927,15.8441228846321,14.9102846169888,144,0.112225,28.0007287664243
"170",106,22,1,4,5,5,2,2.453,-0.14,29,27,26,38,36,6,10,5,"0.329552678765996   ","0.528838709333333 ",7.75,1,1,46,11,0,0.335,9,1.062,0.589,"0.336155465915479    ","0.491281606951699   ","0.161220963430811   ",0.578726388,0.578145383,0.429644357,5,4,8,14,1,0,1,0,0,1,1,1,2,2,1,2,0,2,2,1,10.0305611228234,10.6431535607912,10.6551083262576,60.0625,0.112225,22.5619748041408
"171",79,21,1,4,5,1,1,0.849,0.93,15,33,37,35,24,6,7,5,"0.216091042850605   ","1.54940585766667  ",13,24,4,48,94,2,0.32,4,1.41,0.976,"0.0268571088755003   ","-0.155319656733299  ","0.776735676409613   ",0.734781701,2.374782432,1.53865344,9,7,15,21,1,1,1,0,0,1,0,1,2,2,1,2,2,2,2,1,14.6861703643607,16.9509195946818,15.5481855900612,169,0.1024,39.1119249073809
"172",201,27,1,4,2,2,1,-0.554,0.45,30,21,31,30,29,13,3,1,"0.240355947348159   ","0.278693507       ",16.5,2,6,38,44,0,-0.317,13,0.796,0.771,"0.192134247940737    ","0.265908694769554   ","0.263024899334185   ",0.093741057,0.546958477,0.195380987,14,9,19,24,1,0,0,0,0,0,0,0,2,2,2,2,1,2,2,2,19.5105389939118,18.1072206338214,20.0201030843132,272.25,0.100489,29.7401463643807
"173",1,17,1,2,3,3,1,0.179,1.386,8,30,38,36,32,10,8,3,"0.099813172028484   ","0.388079734333333 ",12,32,5,63,98,12,0.317,5,1.261,0.803,"-0.165012679640552   ","0.336648799172748   ","0.127803396553256   ",0.570376836,0.390786352,0.203076015,9,8,13,18,0,0,1,0,0,1,0,1,2,2,0,2,1,2,1,1,14.3766555231089,14.1126365110993,13.6124821866394,144,0.100489,37.473858137809
"174",43,20,2,3,3,4,1,1.044,-0.652,18,36,32,25,24,15,4,2,"0.18116759857122    ","0.554957957333333 ",7.75,7,3,28,83,0,-0.317,8,1.01,1.022,"0.0500623827986586   ","0.20025177507756    ","0.293188637837442   ",0.547321058,0.750202777,0.367350037,7,5,5,14,1,0,0,0,0,0,0,1,2,2,2,2,2,2,2,1,9.50793936988598,10.7373822848895,10.3188556408931,60.0625,0.100489,28.0515823193569
"175",212,28,1,3,3,2,3,-0.058,0.114,32,24,26,25,36,12,6,7,"0.349713238863721   ","0.593747790333333 ",7.75,5,1,16,10,0,-0.314,14,0.772,0.728,"0.50722319982547     ","0.156124589657888   ","0.385791927107805   ",0.874938619,0.492424347,0.413880405,10,4,5,12,1,0,1,1,1,1,1,1,2,2,2,2,2,2,2,1,10.0244766022145,12.1036018668815,9.75303937899077,60.0625,0.098596,21.6825091974355
"176",127,23,1,4,5,5,2,-1.364,1.02,21,36,38,34,32,13,8,1,"0.100351857239421   ","0.849058338333333 ",8.75,21,6,65,76,7,-0.312,12,1.054,0.96,"0.249201159002018    ","-0.0593271893736564 ","0.111181602089902   ",0.843722038,1.101767056,0.601685921,5,5,11,14,1,0,0,0,0,9999,0,0,2,2,1,2,2,9999,9999,1,10.8794499523829,11.8120139777119,12.0066951184148,76.5625,0.097344,35.4680434196532
"177",27,19,1,4,5,5,3,-1.168,0.902,25,24,24,24,24,1,11,2,"0.3912426633834     ","1.03904141166667  ",4.25,7,1,34,44,1,-0.304,58,0.815,0.78,"0.56279795258469     ","0.243248767983626   ","0.367681269581884   ",0.827913619,1.461088376,0.82812224,4,3,5,5,1,0,0,0,0,1,0,0,2,2,2,2,1,2,2,2,5.68667577831385,7.06494391846656,8.55633301735086,18.0625,0.092416,20.2918046285534
"178",150,24,2,4,5,5,3,1.468,0.464,28,32,43,31,15,9,12,7,"0.239773016615508   ","1.27607235666667  ",7.5,23,6,67,43,3,0.303,1,1.41,0.805,"0.578363667208707    ","-0.126909381173896  ","0.267864763811713   ",1.843791619,0.898441163,1.085984288,9,7,7,7,1,1,1,0,0,1,2,1,2,3,2,2,1,1,2,1,9.57755132036677,10.3529163836275,8.88389201742013,56.25,0.091809,40.0330267437573
"179",136,23,1,5,3,3,3,1.856,-1.155,24,23,35,23,30,10,4,1,"0.418477781552891   ","1.02610462233333  ",8.25,4,2,49,52,3,-0.292,15,1.002,0.871,"0.223228576374906    ","0.187030333689894   ","0.845174434593873   ",0.781228095,1.164217847,1.132867925,5,4,8,16,1,0,0,0,0,0,0,0,2,2,9999,9999,9999,9999,2,2,10.4254844689925,11.4728827681653,11.9582754466887,68.0625,0.085264,33.8330415996702
"180",226,30,2,4,2,5,1,1.427,0.455,20,26,29,30,26,4,9,4,"0.244524252038362   ","2.695055387       ",12.75,5,5,39,72,2,0.286,11,1.009,0.83,"0.240845597533727    ","0.556491942676125   ","-0.0637647840947675 ",4.066084968,2.684755934,1.334325259,7,9,18,17,1,1,0,0,0,0,1,1,2,2,2,2,1,2,1,1,14.7817406236047,14.736865315396,16.13847759122,162.5625,0.081796,23.5677010608501
"181",69,21,1,4,5,3,3,-0.404,1.71,19,31,29,30,37,13,11,4,"0.313804747445409   ","0.440486909666667 ",15.25,7,4,79,99,0,0.283,6,0.963,0.801,"0.346774792354373    ","0.25461147636139    ","0.340027973620464   ",0.983400232,0.221211698,0.116848799,13,14,17,17,1,0,0,0,0,1,1,1,3,2,2,2,2,1,2,2,18.0719977175318,18.1852825487603,17.2425680195072,232.5625,0.080089,29.1904735698851
"182",225,29,1,5,5,5,3,0.783,-0.392,23,36,38,38,32,5,8,4,"0.407848714295588   ","0.164066570333333 ",12.25,2,2,32,19,0,-0.282,9,0.713,0.649,"0.627832787235439    ","0.333675627660527   ","0.262037727990799   ",0.187508039,0.242186909,0.062504763,11,10,13,15,1,0,0,0,1,1,0,1,2,2,2,2,2,2,2,2,14.777628004446,15.6179890063358,16.5721794023288,150.0625,0.079524,36.0690541552824
"183",23,19,1,4,3,3,3,-0.159,1.525,31,22,42,23,28,10,8,6,"0.126950885772862   ","1.67963474666667  ",10.75,4,2,37,50,0,0.276,13,0.872,1.103,"0.117998934284992    ","0.329469373616198   ","-0.066615650582603  ",1.015388163,2.101395553,1.922120524,8,6,17,12,1,1,1,0,0,1,1,1,1,1,2,2,2,2,1,1,13.3844253530316,13.9023600202028,12.1536749386465,115.5625,0.076176,39.953375632916
"184",52,20,1,4,3,4,2,1.258,0.533,18,34,28,37,35,13,10,1,"0.0352317098150085  ","2.55718909        ",12.25,8,6,51,100,0,0.269,3,0.961,0.928,"0.0816811251216293   ","-0.0296400994458922 ","0.0536541037692885  ",3.038830168,2.992017147,1.640719955,10,8,15,16,0,0,0,0,0,1,0,0,2,2,2,2,1,1,2,2,14.8408548903367,14.5346625922911,15.9563979050978,150.0625,0.072361,25.0721304779237
"185",28,19,1,4,4,3,1,0.886,0.786,24,33,32,31,29,8,10,5,"0.397011529977527   ","0.481317794333333 ",12,9,3,34,26,3,0.268,9,0.842,0.779,"0.64837931121053     ","0.563187808370478   ","-0.0205325296484256 ",0.779902224,0.314944606,0.349106553,7,8,15,18,1,1,0,0,0,1,1,1,2,2,0,2,1,1,2,1,13.118078355918,14.2761750967738,14.2410386999227,144,0.071824,30.7884702752924
"186",29,19,1,4,5,4,1,-0.851,0.765,24,38,18,31,34,11,6,4,"0.152750927127426   ","0.716147152333333 ",8.25,10,3,38,19,0,-0.268,3,0.697,0.75,"0.294849913043089    ","0.102219923045596   ","0.0611829452935939  ",0.875015423,1.093695601,0.179730433,5,4,13,11,1,0,1,1,9999,1,0,0,2,1,2,2,9999,1,1,1,9.71869046039457,10.6807888276361,10.8493333623694,68.0625,0.071824,15.0347243763583
"187",224,29,1,4,3,3,2,2.535,-0.351,20,34,31,41,42,6,8,6,"0.118178082597491   ","1.230085999       ",10,5,4,29,53,1,0.267,24,0.805,0.894,"0.275022474686481    ","0.260586699964278   ","-0.181074926858287  ",1.345165905,0.959761115,1.385330977,9,6,15,10,1,0,1,1,0,1,1,1,2,2,2,2,2,1,2,2,11.2350838560922,13.1457828455733,12.388145840978,100,0.071289,27.2085047284894
"188",204,27,1,4,3,5,3,0.829,-0.39,24,20,34,35,28,17,6,6,"0.64283911220067    ","0.325580691333333 ",5.5,3,1,43,44,0,-0.267,12,0.787,0.526,"0.855514073475394    ","0.585984486618597   ","0.487018776508018   ",0.289062544,0.398594811,0.289084719,5,2,8,7,1,1,0,1,0,1,1,1,3,2,2,2,2,2,1,2,8.16942609719826,7.29493331274504,9.67039485686325,30.25,0.071289,30.5697594764164
"189",99,22,1,4,5,5,3,-1.518,1.232,32,35,39,28,24,11,2,2,"0.223165572333333   ","0.627555864       ",7.75,10,4,53,52,4,-0.265,18,1.132,1.362,"0.296142956          ","0.231792954         ","0.141560807         ",0.789063542,-0.109270344,1.202874394,6,7,8,10,1,0,0,0,0,0,0,1,2,1,2,1,1,1,1,1,9.83865660621749,11.2974026660404,10.3932273423715,60.0625,0.070225,33.9705776908098
"190",104,22,1,4,5,5,1,-0.31,0.43,13,40,33,40,25,3,11,2,"0.261142498426029   ","0.588651158       ",10.25,7,2,34,53,0,-0.252,7,0.837,0.741,"0.253608474952781    ","0.225196083807423   ","0.304622936517882   ",0.820433136,0.351669122,0.593851216,5,7,17,12,1,0,0,0,0,0,0,1,2,2,2,1,1,2,2,1,12.6583817636141,12.9316527482118,12.8307603865248,105.0625,0.063504,33.3587602092353
"191",167,24,1,4,4,4,2,0.262,0.044,40,26,34,35,23,15,7,3,"0.0753646195074136  ","0.796927466       ",11.5,9,6,34,36,5,-0.248,24,0.872,0.837,"-0.234982305675721   ","0.24580370231986    ","0.215272461878103   ",0.812495188,0.625019384,0.953267826,5,12,13,16,1,0,0,0,0,0,1,1,2,2,0,2,0,0,1,2,12.7505121545124,13.4536063642439,15.044356883074,132.25,0.061504,30.7155130674511
"192",185,26,2,4,3,3,2,-0.436,1.646,8,35,40,27,34,1,11,5,"0.296429186367509   ","0.349103809       ",14.75,5,5,27,25,0,0.245,2,1.282,0.8,"0.105810045853767    ","0.3779239340289     ","0.405553579219859   ",0.484498772,0.75014371,-0.187331055,11,11,16,21,1,1,1,1,0,0,0,1,2,2,2,2,2,2,2,2,16.8727479619703,17.1131500425845,17.7573084615931,217.5625,0.060025,38.4544111368655
"193",49,20,1,4,5,5,1,-0.059,1.366,35,28,33,37,24,9,9,6,"0.0716875178278622  ","1.294220714       ",10.75,1,3,29,17,0,0.236,5,1.028,0.844,"-0.00985525627937656 ","0.150366048750369   ","0.0745517610125943  ",1.265578904,1.25000641,1.367076828,9,8,12,14,1,1,1,1,0,1,0,1,2,2,2,2,2,1,2,2,13.0721586383417,14.8742683258799,12.2659654098643,115.5625,0.055696,30.2137479206847
"194",12,18,1,4,5,5,1,-1.526,1.309,15,38,21,33,20,4,13,6,"0.0637905112671378  ","0.200598868       ",13.75,30,1,53,64,0,-0.234,3,1.242,0.857,"-5.42225903596982e-05","0.16899802232906    ","0.022427734062713   ",0.554677575,0.093925342,-0.046806313,9,11,14,21,1,1,1,0,0,1,1,1,1,2,1,2,1,1,1,0,14.8648845808984,16.0622629382625,16.1930909203613,189.0625,0.054756,21.1151650546108
"195",18,19,2,4,3,3,1,-0.682,0.763,5,41,37,39,45,0,7,2,"0.0159907856188578  ","0.979530207333333 ",17.75,36,4,51,35,0,-0.218,9,1.144,1.26,"0.0897727196795672   ","0.0136045824343689  ","-0.0554049452573628 ",1.387237402,0.997614746,0.553738474,13,16,21,21,0,1,0,0,0,1,0,0,2,2,2,2,1,2,2,2,19.9224501740511,20.6440991932599,19.7248193797761,315.0625,0.047524,37.8830239727706
"196",33,19,1,4,5,5,1,1.339,0.362,34,30,34,32,28,8,9,6,"0.0809151135596964  ","1.236942654       ",10.5,29,2,78,68,4,0.218,14,0.973,0.968,"0.28794056246731     ","-0.0426167107480377 ","-0.00257851104018303",1.890583395,0.734357922,1.085886645,7,9,14,12,1,0,1,1,0,1,1,1,2,2,2,2,3,1,1,2,13.2155661634014,14.2095181922527,13.6353726714223,110.25,0.047524,30.2261297839088
"197",36,19,1,4,4,3,2,0.731,-0.185,13,38,24,29,31,8,7,6,"0.103343177338568   ","0.699519565       ",10.25,2,2,40,68,0,-0.206,17,1.16,1.137,"0.462643552742222    ","-0.148926616977677  ","-0.00368740374884236",0.570802813,1.077357691,0.450398191,6,9,14,12,1,1,1,0,0,1,1,1,2,2,2,2,2,2,2,2,12.381590261824,13.2058583292541,13.0393589045694,105.0625,0.042436,19.7898804410692
"198",166,24,1,5,5,5,2,0.865,0.639,27,32,29,36,29,3,6,1,"0.390501474799578   ","1.31266313366667  ",13.5,3,4,32,18,1,0.196,3,1.037,0.912,"0.305114941720102    ","0.407324675686416   ","0.459064806992215   ",1.734395185,1.367498138,0.836096078,11,9,16,18,1,0,0,0,0,0,0,0,2,1,2,1,0,0,0,2,15.8122715295308,15.7440739859273,16.3819190012079,182.25,0.038416,28.7616045836665
"199",51,20,1,4,4,4,3,0.654,0.765,19,35,30,44,44,2,9,3,"0.0884464789874937  ","1.000093177       ",5.5,2,2,24,22,0,0.188,3,0.737,0.745,"0.167776269268203    ","0.0549691954913958  ","0.0425939722028827  ",1.382662332,1.117242654,0.500374545,7,4,3,8,1,0,0,0,9999,9999,1,1,2,2,2,2,9999,9999,1,2,7.5987631408481,9.70903121769937,7.74303341824242,30.25,0.035344,27.461598384152
"200",24,19,1,4,3,3,3,-0.384,1.459,18,36,34,37,41,5,12,0,"0.396727785452832   ","0.580721237       ",7,7,3,47,40,0,0.179,1,0.86,0.752,"0.395067192120696    ","0.467274815798707   ","0.327841348439093   ",1.335879536,0.390725831,0.015558344,5,4,9,10,0,0,0,0,0,0,0,0,2,1,2,2,1,1,2,2,8.84372422699442,10.8351598476955,9.84035628497673,49,0.032041,33.7814908740129
"201",170,24,1,4,4,5,1,1.052,-0.333,25,31,30,36,39,7,8,3,"0.123122950594359   ","0.947393712333333 ",5.25,2,0,48,23,0,-0.174,5,0.976,0.598,"0.367169669527121    ","-0.16612548343209   ","0.168324665688047   ",1.863839723,0.708344181,0.269997233,5,3,8,5,1,0,9999,0,9999,1,0,1,2,2,9999,2,9999,1,2,2,6.92108714707079,7.46011539581138,8.97278055637079,27.5625,0.030276,27.0323390987991
"202",189,26,2,5,3,3,3,-0.077,0.448,11,30,25,17,43,5,10,4,"0.0299924280309047  ","0.763236896       ",7,15,5,65,69,0,-0.173,12,0.887,0.85,"-0.176576723044891   ","0.264231232741231   ","0.00232277439637363 ",1.281766212,0.171952384,0.835992092,6,5,5,12,1,1,0,0,0,0,1,1,2,2,1,2,0,0,1,1,9.37103300269281,9.35789243267684,10.265099762153,49,0.029929,23.0236094211155
"203",133,23,1,4,3,3,2,2.363,-0.46,14,40,31,35,35,8,8,4,"0.12830432668996    ","0.57593056        ",8.25,8,4,70,55,0,0.167,1,0.706,0.756,"0.156719744577539    ","0.122927811662394   ","0.105265423829948   ",0.615519715,0.510863239,0.601408726,7,3,13,10,0,0,1,1,0,1,0,1,2,2,2,2,1,1,2,2,9.98737740140161,10.9990137508869,10.4010336962133,68.0625,0.027889,31.7927683204745
"204",102,22,1,4,4,4,3,-0.336,0.644,19,39,39,32,34,8,10,3,"0.0578573044183186  ","0.455453769333333 ",11.75,5,4,44,47,0,-0.166,12,0.919,0.884,"-0.248526769552467   ","0.227557598176103   ","0.194541084631321   ",0.507497887,0.624918772,0.233944649,5,7,16,19,0,1,0,1,0,0,9999,1,1,2,2,2,2,1,9999,1,12.8416446497812,14.9215174082503,15.8148916417718,138.0625,0.027556,38.0074448386637
"205",101,22,1,4,5,5,1,-0.373,0.675,14,35,33,32,15,8,13,6,"0.216629293990048   ","0.783865468       ",14.25,5,4,31,50,0,-0.163,8,0.879,0.571,"-0.0208555158440324  ","0.253383633631215   ","0.417359764182962   ",1.374961634,0.648561165,0.328073605,15,9,18,15,1,1,1,0,0,1,1,1,2,1,2,1,2,1,2,2,15.7762963465587,16.3202422602132,17.5144475350508,203.0625,0.026569,33.9331065599231
"206",217,29,2,3,2,3,3,1.298,0.237,12,34,36,33,46,7,7,6,"0.418667404441207   ","0.447978793666667 ",13,3,5,29,4,0,0.151,3,1.343,0.757,"0.780361393440242    ","0.0872902641851083  ","0.38835055569827    ",0.640767068,0.38278215,0.320387163,12,8,11,21,1,1,1,0,0,1,1,1,2,2,3,2,2,1,2,2,14.8701254748884,15.4249142700919,16.2646248552441,169,0.022801,32.2008616148123
"207",130,23,1,4,2,3,3,0.753,0.602,16,40,37,32,25,8,13,3,"0.423097269793757   ","0.518444694333333 ",9.25,5,0,47,27,0,0.146,4,0.835,0.601,"0.568225969462393    ","0.18255248501278    ","0.5185133549061     ",0.374849657,0.836108916,0.34437551,8,6,11,12,1,0,0,0,1,0,0,1,2,2,2,2,2,2,2,1,10.6782539186701,12.2016670118177,11.7636302672414,85.5625,0.021316,34.2683448864336
"208",74,21,1,4,5,4,2,-0.332,1.346,20,32,26,37,38,11,12,4,"0.0417913565952205  ","0.770710519       ",15.25,15,6,80,92,3,0.145,1,0.875,1.057,"0.206917007005606    ","0.0887397051648839  ","-0.170282642384829  ",0.960817953,0.507567679,0.843745925,15,8,22,16,1,0,0,1,0,1,0,1,3,2,2,2,1,1,2,1,17.3458426202744,18.8788570910076,17.1354338893182,232.5625,0.021025,19.8926125034471
"209",181,25,1,4,2,3,1,0.956,-0.193,10,40,44,35,25,7,7,1,"0.344922450238948   ","0.828195303666667 ",13,27,4,80,80,15,-0.142,8,0.722,0.965,"0.367346687884305    ","0.597759219688546   ","0.0696614431439924  ",0.703571788,0.890334223,0.8906799,14,14,12,12,0,0,0,0,0,1,0,0,2,2,1,2,1,1,2,2,15.0428482043617,15.9806384026954,15.4447032032321,169,0.020164,43.1252360284858
"210",173,25,2,4,2,3,2,0.251,0.924,10,32,28,28,29,4,13,6,"0.178361336731677   ","0.710840378333333 ",12.25,9,4,82,59,0,0.135,2,0.918,0.687,"0.338236579925733    ","0.0745771558326584  ","0.122270274436639   ",1.445193649,0.367127625,0.320199861,9,9,17,14,1,1,1,0,0,1,1,1,3,2,2,2,2,2,2,2,14.9139601659656,15.9215332572804,13.347548103753,150.0625,0.018225,23.6601803049413
"211",210,28,1,4,3,9999,1,-0.262,0.716,38,29,35,37,35,13,9,1,"0.32402644652235    ","1.591190504       ",8.75,36,4,59,62,6,-0.111,41,0.848,0.814,"0.146148660388007    ","0.489594907634189   ","0.336335771544854   ",1.859175323,1.890632963,1.023763226,7,8,8,12,0,0,0,0,0,1,0,0,2,2,2,2,2,0,2,2,10.8581880795324,11.314623196243,10.727262966064,76.5625,0.012321,32.7445863520313
"212",14,18,1,4,5,5,2,0.187,0.884,29,33,37,39,31,13,12,6,"0.212229262078092   ","1.01807386766667  ",9.25,10,7,34,25,0,0.099,12,0.893,0.911,"-0.0885184540061192  ","0.645036306751219   ","0.0801699334891759  ",0.76570499,1.530912565,0.757604048,9,6,10,12,1,1,1,0,9999,1,1,1,2,1,2,2,9999,1,2,1,10.3899220509195,12.2462933367689,11.9086193030931,85.5625,0.009801,36.9004121549511
"213",120,23,1,4,3,3,1,-0.914,1.643,36,29,35,33,39,14,13,4,"0.314038926910938   ","1.19525227633333  ",8.5,4,0,31,33,0,0.099,9,1.24,1.139,"0.763282994851525    ","0.240161240807574   ","-0.0613274549262854 ",0.960907446,1.624894631,0.999954752,11,7,9,7,1,0,0,1,0,1,1,9999,2,2,9999,2,9999,2,2,9999,9.47494406406739,11.604467741499,11.1829321417082,72.25,0.009801,33.9925041799157
"214",82,21,1,4,5,3,3,1.315,0.069,22,31,38,30,28,12,9,4,"0.0866397035844813  ","0.323124270333333 ",12.25,16,4,101,59,2,0.082,1,0.899,0.769,"0.0333089661163372   ","0.149361763735186   ","0.0772483809019203  ",0.445745633,0.289429137,0.234198041,11,9,20,9,1,0,0,0,0,1,1,1,1,2,2,2,1,1,1,1,14.6938190952361,13.8206229550897,14.7211604604689,150.0625,0.006724,34.1627531491924
"215",53,20,1,4,3,4,3,0.67,0.512,28,21,31,27,29,12,13,5,"0.0808093850562402  ","0.401045155       ",14.75,9,2,56,13,2,0.081,2,0.717,0.66,"0.122194022016722    ","-0.00550085735016481","0.125734990502164   ",0.437540413,0.4453227,0.320272352,10,9,19,21,1,1,0,0,9999,1,1,1,2,2,2,2,9999,1,1,1,16.3996726801802,19.3892880455542,17.7477708211991,217.5625,0.006561,31.1792750571645
"216",216,29,2,4,3,5,1,0.501,0.267,16,37,36,20,31,11,7,4,"0.214131967         ","0.539023586666667 ",13,15,4,58,65,2,-0.077,6,1.218,0.817,"0.187559303          ","0.282292529         ","0.172544069         ",0.57836484,0.249937805,0.788768115,9,11,15,17,2,0,0,0,0,0,1,1,3,2,2,2,2,1,2,1,15.3656108526347,15.4013265946948,16.8918505203285,169,0.005929,36.8806722561472
"217",152,24,2,5,3,3,3,1.03,-0.097,15,32,24,29,36,11,9,4,"0.581625735460923   ","0.744754552666667 ",9.25,14,7,68,46,0,-0.077,8,0.938,0.979,"0.724234722571653    ","0.753515845130152   ","0.267126638680964   ",0.984294979,0.546944318,0.703024361,9,7,7,14,1,9999,9999,0,9999,1,1,1,1,9999,9999,1,9999,1,1,2,10.3172487856518,13.3264510826151,12.3578397210075,85.5625,0.005929,20.4981238215862
"218",72,21,1,5,3,3,1,-1.18,1.437,20,31,35,36,38,5,7,4,"0.33110707499266    ","0.742205288       ",8.5,3,2,26,25,1,-0.072,40,0.958,1.06,"0.433361717244771    ","0.0211831975643031  ","0.538776310168907   ",0.914002543,0.679774281,0.63283904,6,4,12,12,1,1,9999,1,9999,9999,0,1,1,1,9999,2,9999,9999,2,1,10.4271675053558,11.4668020475654,12.2761240417237,72.25,0.005184,32.0286642799833
"219",77,21,1,5,5,5,2,-0.276,1.129,27,38,38,33,22,7,14,1,"0.244588989407693   ","1.32822251633333  ",10,12,4,59,23,7,0.066,5,0.972,0.807,"0.320363799983466    ","0.276291398017169   ","0.137111770222444   ",1.023499509,0.976505871,1.984662169,6,9,7,18,1,0,0,0,0,0,0,0,1,2,2,2,2,1,2,2,11.6070616657467,12.6423749816498,11.885974045388,100,0.004356,36.0991482128432
"220",168,24,1,4,3,3,3,1.052,-0.067,25,25,27,42,29,7,12,3,"0.118125475721072   ","0.857204098333333 ",6.75,3,1,27,20,0,-0.057,4,1.087,0.859,"0.0123812308071438   ","0.13114018005572    ","0.210855016300353   ",1.018672545,1.015713843,0.537225907,6,9,7,5,1,0,0,0,0,1,1,0,2,2,2,2,1,1,2,1,9.42263976002903,9.4130236644593,11.2700925223051,45.5625,0.003249,26.4641925107098
"221",196,27,2,4,3,3,3,-0.067,0.959,16,24,35,33,26,4,8,4,"0.278098244836861   ","1.057202888       ",8.5,4,3,29,19,0,0.055,4,1.214,1.054,"0.248546396070483    ","0.399782857715301   ","0.1859654807248     ",0.992023192,1.492248328,0.687337144,8,8,9,9,1,1,0,0,9999,1,0,1,3,1,2,2,9999,2,2,1,10.9056175410927,12.5258842288367,12.734323630318,72.25,0.003025,34.9776487338499
"222",15,18,1,4,3,3,3,1.895,-0.396,29,30,37,28,24,10,11,5,"0.213494667063486   ","0.468812355       ",11.5,15,3,44,52,0,0.053,7,0.751,0.565,"0.167541486518121    ","0.245193415813306   ","0.227749098859031   ",0.797207235,0.429507595,0.179722235,7,9,13,17,1,9999,1,1,9999,1,1,9999,2,9999,2,2,9999,1,1,9999,13.5670628340706,14.7323163230154,14.2359052513225,132.25,0.002809,35.2170984677675
"223",207,28,2,4,4,5,2,-0.057,0.932,21,28,29,36,35,13,8,2,"0.119522792235742   ","1.028658714       ",11.25,7,3,22,36,0,0.046,12,0.97,0.921,"0.192412591801932    ","0.0354586891365085  ","0.130697095768786   ",1.312538389,0.984393042,0.789044711,12,9,14,10,1,0,0,0,0,1,0,0,3,2,1,2,2,2,2,1,14.2442479866063,14.505701302624,13.310650016698,126.5625,0.002116,27.936559410258
"224",148,24,2,4,5,5,3,-0.306,0.902,11,31,39,15,28,10,4,4,"0.445762670666667   ","1.79689390866667  ",13.25,30,3,54,125,0,-0.043,8,0.912,0.714,"0.642121776          ","0.224376227         ","0.470790009         ",1.023512361,2.398455473,1.968713892,11,11,13,18,1,1,0,0,0,1,0,1,1,2,1,2,1,2,2,1,16.0060898416171,15.9325320385805,15.3615031741823,175.5625,0.001849,37.7592352739792
"225",25,19,1,4,5,5,3,-0.551,1.24,36,28,44,32,24,4,12,7,"0.145021245389178   ","1.672061652       ",14.25,5,2,48,21,0,0.032,1,1.13,0.891,"0.212017521125607    ","0.0969992722567067  ","0.12604694278522    ",2.234848823,1.40635402,1.374982113,13,8,12,24,1,1,1,1,0,1,1,1,2,2,2,2,1,2,2,2,16.2652856295489,18.2605657727931,17.0143084313735,203.0625,0.001024,41.8615522565377
"226",206,28,2,3,3,2,2,-0.301,0.943,15,33,33,39,47,5,11,4,"0.0724923123117345  ","0.851747900333333 ",11.75,4,6,49,41,0,-0.023,12,0.856,0.718,"0.135545599664702    ","-0.03842066388684   ","0.120352001157341   ",1.211372312,0.570379098,0.773492291,6,6,17,18,1,1,0,0,0,1,0,1,2,2,1,2,1,2,2,2,13.7075296192598,14.7541455500995,15.1747070142725,138.0625,0.000529,32.187240067002
"227",163,24,1,5,3,3,2,-0.406,1.093,22,33,37,40,46,5,11,2,"0.131293780838114   ","0.627928423       ",7.5,3,5,57,25,0,0.011,6,0.606,0.742,"0.113134625389276    ","0.236030384458861   ","0.0447163326662038  ",0.612784602,0.605008534,0.665992133,6,5,12,7,1,0,0,1,0,0,0,0,2,2,2,2,9999,9999,2,9999,9.25248525677812,9.76233712182034,11.0487568949111,56.25,0.000121,36.9743028072706
"228",174,25,2,4,3,5,2,1.037,0.061,25,21,20,22,31,8,11,5,"0.273               ","0.413333333333333 ",12,4,3,38,85,1,-0.006,0,9999,0.769,"0.244                ","0.287               ","0.288               ",0.364,0.66,0.216,11,6,16,15,1,1,1,0,9999,1,0,1,3,2,2,1,9999,1,2,2,13.886687993646,13.8313263385429,13.3971220148751,144,3.6e-05,15.3239274299784
"229",105,22,1,4,4,4,2,0.537,0.407,15,28,21,18,33,17,9,6,"0.19745759476877    ","0.380219996       ",8.25,3,2,34,8,0,-0.005,8,1.066,0.803,"0.337597036651971    ","0.120588625123434   ","0.134187122530904   ",0.382518226,0.375016805,0.383124957,5,6,8,14,1,0,1,1,0,1,1,1,2,2,2,2,1,2,2,2,9.75017929081313,11.6365095371496,8.58775477137274,68.0625,2.5e-05,22.77295069571
"230",229,36,1,4,3,4,2,0.203,0.639,21,30,38,31,38,5,7,3,"0.336903499063586   ","0.416555631666667 ",10.75,2,1,16,1,0,-0.004,23,1.3,1.009,"9999                 ","9999                ","0.336903499063586   ",0.226491574,0.687363299,0.335812022,7,5,24,7,1,0,0,1,0,0,0,1,2,1,2,2,2,2,2,2,12.7432039651687,13.2791442242806,15.5988943771421,115.5625,1.6e-05,39.714138937625
